rank,threshold_pct,metric,market,symbol,year,n_days,first_date,last_date,min_close,median_close,mean_close,max_close,penny_days,penny_day_ratio,one_tick_ge_10_days,gap_up_ge_10_days,gap_down_le_10_days,abs_gap_ge_10_days,abs_ret_ge_10_days,range_ge_10_days,one_tick_ge_20_days,gap_up_ge_20_days,gap_down_le_20_days,abs_gap_ge_20_days,abs_ret_ge_20_days,range_ge_20_days,one_tick_ge_30_days,gap_up_ge_30_days,gap_down_le_30_days,abs_gap_ge_30_days,abs_ret_ge_30_days,range_ge_30_days,one_tick_ge_50_days,gap_up_ge_50_days,gap_down_le_50_days,abs_gap_ge_50_days,abs_ret_ge_50_days,range_ge_50_days,one_tick_ge_100_days,gap_up_ge_100_days,gap_down_le_100_days,abs_gap_ge_100_days,abs_ret_ge_100_days,range_ge_100_days
1,10,abs_gap_ge,AU,ERA.AX,2025,253,2025-01-02,2025-12-31,0.0010000000474974,0.0024999999441206,0.0024031620714702,0.003000000026077,253,1.0,253,49,82,131,113,218,253,49,18,67,74,218,253,20,16,36,24,105,7,3,2,5,3,6,0,3,0,3,1,6
2,10,abs_gap_ge,AU,PIL.AX,2025,253,2025-01-02,2025-12-31,0.0020000000949949,0.003000000026077,0.0033913043984708,0.006000000052154,253,1.0,253,40,61,101,103,131,248,29,21,50,51,95,132,7,9,16,18,42,0,0,0,0,1,2,0,0,0,0,1,0
3,10,abs_gap_ge,AU,TMK.AX,2025,253,2025-01-02,2025-12-31,0.0549990013241767,0.1374990046024322,0.1446908442045859,0.2199990004301071,253,1.0,0,54,47,101,86,157,0,44,35,79,63,140,0,19,13,32,20,74,0,11,0,11,8,50,0,1,0,1,1,2
4,10,abs_gap_ge,AU,RGL.AX,2025,253,2025-01-02,2025-12-31,0.003000000026077,0.0040000001899898,0.004889328161571,0.0089999996125698,253,1.0,253,58,39,97,102,155,185,25,5,30,24,60,22,8,0,8,10,23,0,0,0,0,1,1,0,0,0,0,0,0
5,10,abs_gap_ge,AU,TMX.AX,2025,253,2025-01-02,2025-12-31,0.0020000000949949,0.003000000026077,0.0035316205773089,0.0070000002160668,253,1.0,253,52,40,92,96,118,243,34,7,41,35,79,133,10,6,16,11,18,0,0,0,0,1,0,0,0,0,0,0,0
6,10,abs_gap_ge,AU,VRC.AX,2025,253,2025-01-02,2025-12-31,0.003000000026077,0.0044999998062849,0.0048023715924485,0.0120000001043081,253,1.0,246,48,42,90,102,135,203,19,1,20,28,74,26,3,0,3,6,16,0,0,0,0,0,0,0,0,0,0,0,0
7,10,abs_gap_ge,AU,RDN.AX,2025,253,2025-01-02,2025-12-31,0.0040000001899898,0.0049999998882412,0.0054525692115275,0.0149999996647238,253,1.0,248,54,35,89,98,178,154,37,1,38,27,96,0,0,1,1,7,13,0,0,0,0,1,1,0,0,0,0,0,0
8,10,abs_gap_ge,AU,BNL.AX,2025,253,2025-01-02,2025-12-31,0.0040000001899898,0.006000000052154,0.0063111937950869,0.0089999996125698,253,1.0,253,53,34,87,112,187,42,14,1,15,32,84,0,0,0,0,9,22,0,0,0,0,0,0,0,0,0,0,0,0
9,10,abs_gap_ge,AU,VEN.AX,2025,253,2025-01-02,2025-12-31,0.003000000026077,0.0040000001899898,0.004507905181512,0.006000000052154,253,1.0,253,38,48,86,96,124,233,26,5,31,46,89,8,3,1,4,10,26,0,0,0,0,0,2,0,0,0,0,0,0
10,10,abs_gap_ge,AU,MEM.AX,2025,253,2025-01-02,2025-12-31,0.003000000026077,0.0049999998882412,0.0053291897953896,0.0099999997764825,253,1.0,253,54,31,85,93,105,167,17,8,25,30,47,11,6,0,6,10,15,0,0,0,0,1,0,0,0,0,0,0,0
1,10,abs_gap_ge,CA,MTLO.V,2025,251,2025-01-02,2025-12-31,0.0049999998882412,0.0099999997764825,0.0116633463584152,0.0149999996647238,251,1.0,251,34,73,107,82,110,251,33,73,106,78,108,251,32,72,104,76,107,251,32,19,51,41,107,162,2,0,2,3,29
2,10,abs_gap_ge,CA,PPR.TO,2025,251,2025-01-02,2025-12-31,0.6000000238418579,0.8999999761581421,0.9757768820481472,1.7999999523162842,170,0.6772908366533864,0,67,37,104,73,166,0,14,0,14,8,50,0,0,0,0,1,12,0,0,0,0,0,0,0,0,0,0,0,0
3,10,abs_gap_ge,CA,ACU.V,2025,251,2025-01-02,2025-12-31,0.0049999998882412,0.0149999996647238,0.015438246729958,0.0299999993294477,251,1.0,251,46,55,101,90,107,251,44,53,97,86,105,251,38,31,69,59,96,232,21,5,26,25,72,62,5,0,5,4,19
4,10,abs_gap_ge,CA,CSTR.V,2025,251,2025-01-02,2025-12-31,0.0049999998882412,0.0149999996647238,0.0160756969297548,0.0299999993294477,251,1.0,251,58,42,100,90,185,251,55,41,96,86,174,251,51,12,63,54,157,228,22,7,29,18,67,51,5,0,5,4,24
5,10,abs_gap_ge,CA,EW.V,2025,251,2025-01-02,2025-12-31,0.1199999973177909,0.1599999964237213,0.1888844545975149,0.449999988079071,251,1.0,0,59,40,99,98,105,0,5,1,6,8,18,0,1,0,1,1,2,0,1,0,1,1,0,0,0,0,0,0,0
6,10,abs_gap_ge,CA,SAE.V,2025,251,2025-01-02,2025-12-31,0.0299999993294477,0.0350000001490116,0.0375697209510907,0.050000000745058,251,1.0,251,49,49,98,98,130,240,0,2,2,3,11,20,0,0,0,3,8,0,0,0,0,0,0,0,0,0,0,0,0
7,10,abs_gap_ge,CA,TRU.V,2025,251,2025-01-02,2025-12-31,0.0149999996647238,0.025000000372529,0.0247609559854722,0.050000000745058,251,1.0,251,46,43,89,86,82,250,25,27,52,54,40,233,16,1,17,17,22,96,0,0,0,1,3,0,0,0,0,0,0
8,10,abs_gap_ge,CA,KS.V,2025,251,2025-01-02,2025-12-31,0.1000000014901161,0.25,0.2462549837402613,0.3499999940395355,251,1.0,0,42,47,89,84,135,0,33,5,38,46,110,0,8,1,9,14,35,0,5,0,5,6,21,0,0,0,0,0,2
9,10,abs_gap_ge,CA,AAZ.V,2025,251,2025-01-02,2025-12-31,0.0399999991059303,0.1199999973177909,0.1198804792743991,0.2399999946355819,251,1.0,78,43,45,88,96,193,4,40,37,77,83,178,0,16,7,23,27,81,0,3,0,3,7,29,0,1,0,1,0,3
10,10,abs_gap_ge,CA,GT.V,2025,251,2025-01-02,2025-12-31,0.0199999995529651,0.0299999993294477,0.0302788843641955,0.0549999997019767,251,1.0,251,40,47,87,85,149,240,9,15,24,33,57,176,0,0,0,3,15,20,0,0,0,1,5,0,0,0,0,0,1
1,10,abs_gap_ge,CN,688585.SS,2025,243,2025-01-02,2025-12-31,6.074306964874268,7.996177673339844,49.94054891248789,132.1300048828125,0,0.0,0,11,3,14,31,38,0,5,1,6,9,7,0,0,0,0,0,0,0,0,0,0,0,0,0,0,0,0,0,0
2,10,abs_gap_ge,CN,002969.SZ,2025,243,2025-01-02,2025-12-31,2.7950830459594727,3.489593029022217,3.7138345800800088,12.65999984741211,232,0.9547325102880658,0,10,0,10,12,4,0,0,0,0,0,0,0,0,0,0,0,0,0,0,0,0,0,0,0,0,0,0,0,0
3,10,abs_gap_ge,CN,605255.SS,2025,243,2025-01-02,2025-12-31,11.707030296325684,20.573204040527344,50.25284194161372,218.0200042724609,0,0.0,0,9,1,10,18,27,0,0,0,0,0,1,0,0,0,0,0,0,0,0,0,0,0,0,0,0,0,0,0,0
4,10,abs_gap_ge,CN,300344.SZ,2025,243,2025-01-02,2025-12-31,1.0199999809265137,4.96999979019165,5.821522635687526,14.279999732971191,122,0.5020576131687243,0,2,7,9,33,62,0,0,2,2,6,15,0,0,0,0,0,0,0,0,0,0,0,0,0,0,0,0,0,0
5,10,abs_gap_ge,CN,001331.SZ,2025,243,2025-01-02,2025-12-31,7.400000095367432,10.33571434020996,12.123362566708538,46.310001373291016,0,0.0,0,9,0,9,11,9,0,0,0,0,0,1,0,0,0,0,0,0,0,0,0,0,0,0,0,0,0,0,0,0
6,10,abs_gap_ge,CN,605398.SS,2025,243,2025-01-02,2025-12-31,17.77179527282715,30.440000534057617,30.880297068215203,52.67567825317383,0,0.0,0,9,0,9,17,19,0,0,0,0,0,0,0,0,0,0,0,0,0,0,0,0,0,0,0,0,0,0,0,0
7,10,abs_gap_ge,CN,002691.SZ,2025,243,2025-01-02,2025-12-31,4.659999847412109,8.430000305175781,8.611028816474319,13.739999771118164,8,0.0329218106995884,0,5,2,7,16,26,0,0,0,0,0,5,0,0,0,0,0,0,0,0,0,0,0,0,0,0,0,0,0,0
8,10,abs_gap_ge,CN,603177.SS,2025,243,2025-01-02,2025-12-31,6.830399036407471,9.230000495910645,9.699696882271471,15.949999809265137,0,0.0,0,6,1,7,9,13,0,0,0,0,0,1,0,0,0,0,0,0,0,0,0,0,0,0,0,0,0,0,0,0
9,10,abs_gap_ge,CN,002910.SZ,2025,243,2025-01-02,2025-12-31,6.710000038146973,9.600000381469728,9.69950616114424,15.020000457763672,0,0.0,0,6,1,7,15,22,0,0,0,0,0,1,0,0,0,0,0,0,0,0,0,0,0,0,0,0,0,0,0,0
10,10,abs_gap_ge,CN,300561.SZ,2025,243,2025-01-02,2025-12-31,11.010000228881836,15.489999771118164,22.96953184418227,63.439971923828125,0,0.0,0,0,7,7,16,29,0,0,2,2,2,4,0,0,0,0,0,1,0,0,0,0,0,0,0,0,0,0,0,0
1,10,abs_gap_ge,FR,ALIBR.PA,2025,255,2025-01-02,2025-12-31,9.999999747378752e-05,0.0003000000142492,0.0003176470626117,0.0006000000284984,255,1.0,255,59,42,101,93,222,255,57,42,99,92,217,255,48,20,68,58,181,255,29,0,29,25,118,255,0,0,0,1,14
2,10,abs_gap_ge,FR,ALBOO.PA,2025,255,2025-01-02,2025-12-31,2.0,12.0,94.92941176470588,1400.0,0,0.0,0,36,59,95,104,224,0,16,30,46,43,168,0,13,26,39,27,138,0,8,21,29,17,94,0,2,0,2,6,54
3,10,abs_gap_ge,FR,MLSEQ.PA,2025,255,2025-01-02,2025-12-31,0.003000000026077,0.0070000002160668,0.0070274509270401,0.0104999998584389,255,1.0,255,35,45,80,81,25,255,15,19,34,31,12,255,7,7,14,12,6,255,0,1,1,0,2,239,0,0,0,0,1
4,10,abs_gap_ge,FR,MLFTI.PA,2025,255,2025-01-02,2025-12-31,0.0160000007599592,0.0299999993294477,0.0319352943011942,0.0555000007152557,255,1.0,255,37,39,76,73,31,247,15,8,23,23,17,149,8,3,11,8,5,1,2,0,2,1,0,0,0,0,0,0,0
5,10,abs_gap_ge,FR,MLCOT.PA,2025,255,2025-01-02,2025-12-31,0.0049999998882412,0.125,0.1149803920046371,0.4020000100135803,255,1.0,112,44,29,73,77,20,89,30,17,47,46,11,56,22,10,32,33,8,23,9,2,11,12,3,5,1,0,1,1,0
6,10,abs_gap_ge,FR,ALALO.PA,2025,255,2025-01-02,2025-12-31,0.0627999976277351,0.6000000238418579,9.63523843858172,300.0,182,0.7137254901960784,10,45,22,67,107,233,0,38,10,48,63,182,0,33,4,37,28,137,0,14,4,18,12,75,0,10,0,10,6,29
7,10,abs_gap_ge,FR,MLSML.PA,2025,255,2025-01-02,2025-12-31,0.0049999998882412,0.0189999993890523,0.0215784314252873,0.050000000745058,255,1.0,255,35,27,62,58,34,254,26,14,40,35,27,223,16,4,20,19,20,152,7,1,8,7,9,3,1,0,1,2,1
8,10,abs_gap_ge,FR,ALVER.PA,2025,255,2025-01-02,2025-12-31,0.7599999904632568,3.8000009059906006,4.115922518337475,15.20000457763672,50,0.196078431372549,0,26,36,62,66,187,0,8,9,17,32,136,0,5,4,9,13,91,0,4,2,6,5,48,0,0,0,0,1,16
9,10,abs_gap_ge,FR,MLOCT.PA,2025,255,2025-01-02,2025-12-31,0.0920000001788139,0.1949999928474426,0.2229999998913091,0.5,255,1.0,2,30,29,59,54,14,0,12,10,22,21,4,0,5,3,8,8,0,0,0,0,0,0,0,0,0,0,0,0,0
10,10,abs_gap_ge,FR,MLWEY.PA,2025,255,2025-01-02,2025-12-31,0.0049999998882412,0.0149999996647238,0.0156882353053957,0.0320000015199184,255,1.0,255,34,23,57,65,22,255,29,16,45,51,18,255,19,4,23,30,12,219,8,2,10,7,6,47,2,0,2,2,0
1,10,abs_gap_ge,HK,8286.HK,2025,246,2025-01-02,2025-12-31,0.0460000000894069,0.1080000028014183,0.1088455278668703,0.1689999997615814,246,1.0,0,20,22,42,47,31,0,4,3,7,17,20,0,3,1,4,6,9,0,0,0,0,1,5,0,0,0,0,0,2
2,10,abs_gap_ge,HK,8280.HK,2025,246,2025-01-02,2025-12-31,0.0320000015199184,0.061999998986721,0.0667195124778805,0.1180000007152557,246,1.0,0,27,12,39,50,69,0,11,1,12,10,26,0,4,0,4,2,16,0,0,0,0,0,4,0,0,0,0,0,0
3,10,abs_gap_ge,HK,8249.HK,2025,246,2025-01-02,2025-12-31,0.0740000009536743,0.1420000046491623,0.1453861791670807,0.270000010728836,246,1.0,0,25,13,38,28,53,0,4,4,8,7,24,0,1,1,2,1,10,0,1,0,1,0,6,0,0,0,0,0,0
4,10,abs_gap_ge,HK,9689.HK,2025,246,2025-01-02,2025-12-31,0.2150000035762787,0.3400000035762787,0.334739838492095,0.5199999809265137,246,1.0,0,13,24,37,28,70,0,3,2,5,9,22,0,0,0,0,0,9,0,0,0,0,0,1,0,0,0,0,0,0
5,10,abs_gap_ge,HK,0379.HK,2025,246,2025-01-02,2025-12-31,0.0289999991655349,0.0750000029802322,0.0784390244360376,0.1700000017881393,246,1.0,0,17,19,36,46,95,0,3,0,3,16,44,0,0,0,0,8,19,0,0,0,0,1,5,0,0,0,0,0,0
6,10,abs_gap_ge,HK,2363.HK,2025,246,2025-01-02,2025-12-31,0.209999993443489,0.3449999988079071,0.3454186990251386,0.4399999976158142,246,1.0,0,15,21,36,34,19,0,5,7,12,7,10,0,1,0,1,1,3,0,0,0,0,0,0,0,0,0,0,0,0
7,10,abs_gap_ge,HK,0859.HK,2025,246,2025-01-02,2025-12-31,0.0869999974966049,0.1099999994039535,0.1105650406845701,0.1430000066757202,246,1.0,0,19,16,35,31,21,0,2,3,5,3,6,0,0,1,1,0,3,0,0,1,1,0,1,0,0,0,0,0,1
8,10,abs_gap_ge,HK,0185.HK,2025,246,2025-01-02,2025-12-31,0.0640000030398368,0.1154999993741511,0.1130203251552775,0.1850000023841858,246,1.0,0,15,20,35,45,54,0,4,2,6,6,25,0,0,1,1,1,14,0,0,0,0,0,5,0,0,0,0,0,0
9,10,abs_gap_ge,HK,1005.HK,2025,246,2025-01-02,2025-12-31,0.395000010728836,0.498913049697876,0.5225676959607659,0.7434782385826111,246,1.0,0,19,16,35,30,9,0,4,4,8,7,5,0,2,0,2,1,2,0,0,0,0,0,0,0,0,0,0,0,0
10,10,abs_gap_ge,HK,8418.HK,2025,246,2025-01-02,2025-12-31,0.3050000071525574,0.4550000131130218,0.4559756092182019,0.6600000262260437,246,1.0,0,4,30,34,26,133,0,0,1,1,3,39,0,0,0,0,0,15,0,0,0,0,0,2,0,0,0,0,0,0
1,10,abs_gap_ge,JP,8918.T,2025,243,2025-01-06,2025-12-30,6.0,9.0,8.412639578674066,11.0,243,1.0,242,72,34,106,77,243,0,0,0,0,1,8,0,0,0,0,1,4,0,0,0,0,0,1,0,0,0,0,0,0
2,10,abs_gap_ge,JP,5721.T,2025,243,2025-01-06,2025-12-30,19.0,122.0,129.35390946502056,422.0,93,0.382716049382716,0,17,5,22,57,110,0,8,0,8,21,35,0,2,0,2,8,18,0,0,0,0,1,1,0,0,0,0,1,0
3,10,abs_gap_ge,JP,8105.T,2025,243,2025-01-06,2025-12-30,37.0,54.0,237.20987654320987,924.0,144,0.5925925925925926,0,13,6,19,46,78,0,6,3,9,12,24,0,4,0,4,6,6,0,1,0,1,1,3,0,0,0,0,0,0
4,10,abs_gap_ge,JP,3350.T,2025,243,2025-01-06,2025-12-30,303.0,506.0,701.9670781893004,1895.0,0,0.0,0,11,7,18,44,72,0,2,1,3,5,5,0,0,0,0,0,0,0,0,0,0,0,0,0,0,0,0,0,0
5,10,abs_gap_ge,JP,6574.T,2025,243,2025-01-06,2025-12-30,17.799999237060547,81.19999694824219,93.16304511395992,318.5,140,0.5761316872427984,0,17,0,17,37,72,0,9,0,9,9,10,0,1,0,1,1,2,0,0,0,0,0,0,0,0,0,0,0,0
6,10,abs_gap_ge,JP,4570.T,2025,243,2025-01-06,2025-12-30,378.0,492.0,651.3456790123457,3820.0,0,0.0,0,11,5,16,25,26,0,2,2,4,11,7,0,0,0,0,1,2,0,0,0,0,0,0,0,0,0,0,0,0
7,10,abs_gap_ge,JP,3905.T,2025,243,2025-01-06,2025-12-30,603.0,1816.0,1743.6090534979423,4090.0,0,0.0,0,7,9,16,41,87,0,3,1,4,14,17,0,0,0,0,0,5,0,0,0,0,0,0,0,0,0,0,0,0
8,10,abs_gap_ge,JP,4889.T,2025,243,2025-01-06,2025-12-30,299.0,1765.0,1710.7860082304526,3140.0,0,0.0,0,12,3,15,37,78,0,2,1,3,14,18,0,0,0,0,0,5,0,0,0,0,0,1,0,0,0,0,0,0
9,10,abs_gap_ge,JP,7138.T,2025,243,2025-01-06,2025-12-30,115.0,154.0,188.74156380484624,548.0,0,0.0,0,14,0,14,31,52,0,6,0,6,13,16,0,3,0,3,3,7,0,0,0,0,0,0,0,0,0,0,0,0
10,10,abs_gap_ge,JP,4316.T,2025,243,2025-01-06,2025-12-30,286.0,449.0,715.2057613168724,2081.0,0,0.0,0,13,1,14,26,60,0,3,0,3,8,11,0,0,0,0,0,2,0,0,0,0,0,0,0,0,0,0,0,0
1,10,abs_gap_ge,KR,012210.KQ,2025,241,2025-01-02,2025-12-30,1820.0,4110.0,5058.4315352697095,15980.0,0,0.0,0,41,11,52,34,82,0,1,0,1,1,38,0,1,0,1,1,14,0,1,0,1,1,0,0,1,0,1,1,0
2,10,abs_gap_ge,KR,042940.KQ,2025,239,2025-01-02,2025-12-30,3165.0,10680.0,11685.39748953975,46750.0,0,0.0,0,14,3,17,33,69,0,9,1,10,20,31,0,0,0,0,0,11,0,0,0,0,0,3,0,0,0,0,0,0
3,10,abs_gap_ge,KR,008500.KS,2025,241,2025-01-02,2025-12-30,2040.2479248046875,2264.578369140625,2646.968261212234,6285.1240234375,0,0.0,0,8,4,12,19,29,0,7,1,8,13,13,0,1,0,1,2,8,0,0,0,0,0,1,0,0,0,0,0,0
4,10,abs_gap_ge,KR,435570.KQ,2025,203,2025-03-04,2025-12-30,6510.0,13010.0,14951.921182266007,31300.0,0,0.0,0,9,3,12,26,55,0,3,1,4,10,21,0,1,1,2,2,5,0,0,0,0,0,0,0,0,0,0,0,0
5,10,abs_gap_ge,KR,448900.KQ,2025,241,2025-01-02,2025-12-30,11440.0,19080.0,22898.672199170123,66900.0,0,0.0,0,6,6,12,28,81,0,0,1,1,4,24,0,0,0,0,0,7,0,0,0,0,0,1,0,0,0,0,0,0
6,10,abs_gap_ge,KR,288330.KQ,2025,240,2025-01-02,2025-12-30,680.0,2185.0,2760.054166666667,8960.0,58,0.2416666666666666,0,6,5,11,31,84,0,3,5,8,16,17,0,0,1,1,1,2,0,0,0,0,0,0,0,0,0,0,0,0
7,10,abs_gap_ge,KR,200230.KQ,2025,242,2025-01-02,2025-12-30,897.0,1318.3333129882812,1431.0812685627582,3800.0,30,0.1239669421487603,0,6,5,11,18,40,0,5,2,7,10,11,0,0,0,0,0,4,0,0,0,0,0,0,0,0,0,0,0,0
8,10,abs_gap_ge,KR,308100.KQ,2025,240,2025-01-02,2025-12-30,1184.0,1994.6666870117188,2480.0819478352864,7746.66650390625,0,0.0,0,7,4,11,25,74,0,4,2,6,12,27,0,0,0,0,2,8,0,0,0,0,0,1,0,0,0,0,0,0
9,10,abs_gap_ge,KR,152550.KS,2025,242,2025-01-02,2025-12-30,207.0,249.0,259.53719008264466,392.0,242,1.0,0,7,3,10,8,20,0,1,1,2,4,3,0,0,0,0,0,1,0,0,0,0,0,0,0,0,0,0,0,0
10,10,abs_gap_ge,KR,054180.KQ,2025,241,2025-01-02,2025-12-30,1559.2203369140625,2293.85302734375,2986.680912761768,5337.33154296875,0,0.0,0,8,2,10,21,49,0,3,1,4,9,22,0,0,0,0,0,9,0,0,0,0,0,0,0,0,0,0,0,0
1,10,abs_gap_ge,TH,STOWER.BK,2025,242,2025-01-02,2025-12-30,0.0199999995529651,0.0399999991059303,0.0452066111524612,0.0700000002980232,242,1.0,242,31,71,102,97,237,144,26,51,77,71,203,38,8,3,11,18,113,7,3,0,3,4,32,0,0,0,0,0,7
2,10,abs_gap_ge,TH,EVER.BK,2025,242,2025-01-02,2025-12-30,0.0399999991059303,0.0599999986588954,0.0683057849749552,0.1199999973177909,242,1.0,210,26,66,92,87,221,11,5,9,14,16,81,0,0,0,0,1,39,0,0,0,0,0,1,0,0,0,0,0,0
3,10,abs_gap_ge,TH,KC.BK,2025,242,2025-01-02,2025-12-30,0.0199999995529651,0.0399999991059303,0.0423553712850759,0.0700000002980232,242,1.0,242,34,56,90,92,202,157,30,33,63,63,147,83,28,5,33,34,123,13,10,0,10,7,41,0,0,0,0,1,7
4,10,abs_gap_ge,TH,EMC.BK,2025,242,2025-01-02,2025-12-30,0.0199999995529651,0.050000000745058,0.0505785119127143,0.0799999982118606,242,1.0,242,22,65,87,71,236,111,17,29,46,43,162,21,3,4,7,9,67,3,1,0,1,4,20,0,0,0,0,0,3
5,10,abs_gap_ge,TH,TGPRO.BK,2025,242,2025-01-02,2025-12-30,0.0399999991059303,0.0599999986588954,0.0620661152542129,0.0900000035762786,242,1.0,242,35,51,86,92,238,2,1,7,8,5,36,0,0,0,0,1,16,0,0,0,0,0,0,0,0,0,0,0,0
6,10,abs_gap_ge,TH,NATION.BK,2025,242,2025-01-02,2025-12-30,0.0199999995529651,0.0299999993294477,0.0314462802965532,0.050000000745058,242,1.0,242,47,36,83,85,231,241,47,36,83,85,231,165,44,22,66,61,222,43,16,1,17,20,107,0,0,0,0,0,8
7,10,abs_gap_ge,TH,PRIME.BK,2025,242,2025-01-02,2025-12-30,0.0399999991059303,0.0799999982118606,0.0778925617895096,0.1500000059604644,242,1.0,224,35,46,81,95,237,6,3,2,5,10,61,0,0,0,0,1,22,0,0,0,0,0,2,0,0,0,0,0,0
8,10,abs_gap_ge,TH,GEL.BK,2025,242,2025-01-02,2025-12-30,0.0199999995529651,0.0399999991059303,0.0428512391888282,0.0900000035762786,242,1.0,242,24,55,79,80,229,158,18,41,59,67,191,54,11,3,14,13,120,5,2,0,2,2,42,0,0,0,0,0,9
9,10,abs_gap_ge,TH,GRAND.BK,2025,242,2025-01-02,2025-12-30,0.0199999995529651,0.0399999991059303,0.0406611567086054,0.0599999986588954,242,1.0,242,27,52,79,88,221,157,25,49,74,80,210,75,14,3,17,20,116,2,2,0,2,2,23,0,0,0,0,0,3
10,10,abs_gap_ge,TH,CIG.BK,2025,242,2025-01-02,2025-12-30,0.0199999995529651,0.0399999991059303,0.0362809911555002,0.0599999986588954,242,1.0,242,29,49,78,80,230,207,29,47,76,72,225,117,21,14,35,37,187,13,7,0,7,10,97,0,0,0,0,0,6
1,10,abs_gap_ge,TW,8291.TWO,2025,242,2025-01-02,2025-12-31,14.888888359069824,17.907405853271484,20.383884102844995,30.18518447875977,241,0.9958677685950412,0,4,5,9,7,23,0,0,0,0,0,2,0,0,0,0,0,0,0,0,0,0,0,0,0,0,0,0,0,0
2,10,abs_gap_ge,TW,4804.TWO,2025,242,2025-01-02,2025-12-31,2.930000066757202,6.260000228881836,6.370371882580528,10.5,242,1.0,0,4,1,5,3,11,0,0,0,0,0,0,0,0,0,0,0,0,0,0,0,0,0,0,0,0,0,0,0,0
3,10,abs_gap_ge,TW,6103.TWO,2025,242,2025-01-02,2025-12-31,33.400001525878906,46.24404144287109,44.061847576425095,57.04593276977539,0,0.0,0,0,5,5,3,6,0,0,0,0,0,0,0,0,0,0,0,0,0,0,0,0,0,0,0,0,0,0,0,0
4,10,abs_gap_ge,TW,4406.TWO,2025,242,2025-01-02,2025-12-31,8.1899995803833,9.9399995803833,10.022892557885037,11.75,242,1.0,0,2,2,4,4,2,0,0,0,0,0,0,0,0,0,0,0,0,0,0,0,0,0,0,0,0,0,0,0,0
5,10,abs_gap_ge,TW,2924.TWO,2025,242,2025-01-02,2025-12-31,21.450000762939453,28.799999237060547,28.02871897989068,32.0,179,0.7396694214876033,0,1,3,4,3,5,0,1,0,1,1,0,0,0,0,0,0,0,0,0,0,0,0,0,0,0,0,0,0,0
6,10,abs_gap_ge,TW,2380.TW,2025,242,2025-01-02,2025-12-31,2.890000104904175,4.484999895095825,4.604008253940866,6.820000171661377,242,1.0,0,3,0,3,4,8,0,0,0,0,0,0,0,0,0,0,0,0,0,0,0,0,0,0,0,0,0,0,0,0
7,10,abs_gap_ge,TW,4806.TWO,2025,242,2025-01-02,2025-12-31,10.0,17.780000686645508,16.936404957258997,21.89999961853028,242,1.0,0,2,1,3,3,16,0,0,0,0,0,0,0,0,0,0,0,0,0,0,0,0,0,0,0,0,0,0,0,0
8,10,abs_gap_ge,TW,5543.TWO,2025,242,2025-01-02,2025-12-31,17.549999237060547,20.39999961853028,21.76136362848203,29.799999237060547,242,1.0,0,3,0,3,2,13,0,0,0,0,0,0,0,0,0,0,0,0,0,0,0,0,0,0,0,0,0,0,0,0
9,10,abs_gap_ge,TW,7780.TW,2025,243,2025-01-02,2025-12-31,9.26990032196045,15.407329559326172,15.916297759538816,32.4045295715332,238,0.9794238683127572,0,2,1,3,11,13,0,1,1,2,3,3,0,0,1,1,0,0,0,0,0,0,0,0,0,0,0,0,0,0
10,10,abs_gap_ge,TW,2465.TW,2025,242,2025-01-02,2025-12-31,41.75,61.54999923706055,61.95076370239258,80.80000305175781,0,0.0,0,1,2,3,2,7,0,0,0,0,0,0,0,0,0,0,0,0,0,0,0,0,0,0,0,0,0,0,0,0
1,10,abs_gap_ge,UK,PYX.L,2025,253,2025-01-02,2025-12-31,0.3479999899864197,0.699999988079071,1.1104743111981703,3.049999952316284,144,0.5691699604743083,0,52,88,140,62,139,0,18,13,31,20,110,0,3,5,8,5,62,0,0,0,0,1,26,0,0,0,0,0,5
2,10,abs_gap_ge,UK,PRM.L,2025,253,2025-01-02,2025-12-31,1.5099999904632568,3.049999952316284,3.1048418877153057,4.800000190734863,0,0.0,0,57,65,122,22,142,0,20,5,25,7,113,0,2,0,2,3,65,0,1,0,1,0,11,0,0,0,0,0,0
3,10,abs_gap_ge,UK,NOG.L,2025,253,2025-01-02,2025-12-31,2.6549999713897705,3.490000009536743,3.451699597091072,4.710000038146973,0,0.0,0,45,57,102,20,170,0,5,3,8,2,115,0,0,0,0,0,33,0,0,0,0,0,2,0,0,0,0,0,0
4,10,abs_gap_ge,UK,MTC.L,2025,253,2025-01-02,2025-12-31,2.190000057220459,2.869999885559082,2.9675098888487685,4.300000190734863,0,0.0,0,36,64,100,25,173,0,6,0,6,0,116,0,2,0,2,0,33,0,0,0,0,0,4,0,0,0,0,0,2
5,10,abs_gap_ge,UK,ETL.L,2025,253,2025-01-02,2025-12-31,3.037631034851074,4.264999866485596,4.2358923052610615,4.264999866485596,0,0.0,0,12,68,80,2,18,0,10,63,73,2,7,0,9,58,67,1,4,0,3,43,46,0,1,0,0,0,0,0,0
6,10,abs_gap_ge,UK,PACS.L,2025,253,2025-01-02,2025-12-31,0.0044999998062849,0.5490000247955322,0.4668557322381631,0.8899999856948853,253,1.0,63,22,50,72,11,22,63,0,7,7,2,19,63,0,1,1,1,9,63,0,1,1,1,4,0,0,0,0,0,0
7,10,abs_gap_ge,UK,UKR.L,2025,253,2025-01-02,2025-12-31,0.0590000003576278,5.0,4.69216404076327,9.0,15,0.0592885375494071,0,35,23,58,20,11,0,16,3,19,7,7,0,3,3,6,6,0,0,2,2,4,4,0,0,2,0,2,2,0
8,10,abs_gap_ge,UK,HKLD.L,2025,253,2025-01-02,2025-12-31,7.239483833312988,7.365503787994385,7.354288530915151,7.409999847412109,0,0.0,0,0,53,53,0,0,0,0,12,12,0,0,0,0,6,6,0,0,0,0,0,0,0,0,0,0,0,0,0,0
9,10,abs_gap_ge,UK,SYME.L,2025,252,2025-01-02,2025-12-31,2.999999924213625e-05,0.003000000026077,0.0020611905296795,0.0080000003799796,252,1.0,252,24,27,51,33,125,252,23,23,46,28,125,252,14,4,18,14,113,242,2,1,3,5,42,119,2,0,2,4,23
10,10,abs_gap_ge,UK,ALNA.L,2025,253,2025-01-02,2025-12-31,0.0694999992847442,7.5,7.426353722840195,11.0,26,0.1027667984189723,0,14,25,39,9,8,0,4,4,8,8,4,0,4,4,8,8,0,0,4,4,8,8,0,0,4,0,4,4,0
1,10,abs_gap_ge,US,RNWWW,2025,250,2025-01-02,2025-12-31,0.0049999998882412,0.1169999986886978,0.103664000481367,0.2479999959468841,250,1.0,113,31,62,93,90,141,58,13,21,34,39,90,55,9,2,11,19,59,50,6,0,6,8,26,21,1,0,1,1,9
2,10,abs_gap_ge,US,LUCYW,2025,250,2025-01-02,2025-12-31,0.0340000018477439,0.0799999982118606,0.0805440002828836,0.1550000011920929,250,1.0,188,42,50,92,93,110,17,26,25,51,44,77,0,9,5,14,19,62,0,2,1,3,7,36,0,0,0,0,1,8
3,10,abs_gap_ge,US,MYSEW,2025,250,2025-01-02,2025-12-31,0.0460000000894069,0.2189999967813491,0.2133359994888305,0.7599999904632568,250,1.0,32,45,43,88,101,122,3,23,21,44,46,82,0,11,8,19,20,63,0,5,1,6,7,26,0,0,0,0,2,12
4,10,abs_gap_ge,US,NTRBW,2025,250,2025-01-02,2025-12-31,1.1100000143051147,1.7949999570846558,1.87438400554657,4.03000020980835,0,0.0,0,33,46,79,73,84,0,17,13,30,27,59,0,5,3,8,11,40,0,1,0,1,5,16,0,0,0,0,3,3
5,10,abs_gap_ge,US,TLSIW,2025,250,2025-01-02,2025-12-31,0.800000011920929,1.399999976158142,1.438688000202179,2.400000095367432,10,0.04,0,44,30,74,67,104,0,10,9,19,16,57,0,3,2,5,4,32,0,0,1,1,1,13,0,0,0,0,0,3
6,10,abs_gap_ge,US,MYPSW,2025,250,2025-01-02,2025-12-31,0.0080000003799796,0.0160000007599592,0.0173040000125765,0.032999999821186,250,1.0,250,36,37,73,85,104,250,19,21,40,45,70,250,17,6,23,23,50,209,5,0,5,2,21,12,0,0,0,0,0
7,10,abs_gap_ge,US,WALDW,2025,250,2025-01-02,2025-12-31,0.0299999993294477,0.0700000002980232,0.0835159999653696,0.1720000058412552,250,1.0,165,28,45,73,73,111,89,15,24,39,32,80,7,3,6,9,10,50,0,0,0,0,0,22,0,0,0,0,0,1
8,10,abs_gap_ge,US,CCGWW,2025,250,2025-01-02,2025-12-31,0.0199999995529651,0.0294999992474913,0.0308640001043676,0.0540000014007091,250,1.0,250,28,44,72,76,91,248,13,16,29,31,62,187,4,6,10,11,39,12,1,0,1,2,16,0,0,0,0,0,0
9,10,abs_gap_ge,US,MNYWW,2025,250,2025-01-02,2025-12-31,0.025000000372529,0.0509999990463256,0.0615559998750686,0.1800000071525573,250,1.0,212,22,48,70,81,148,118,8,11,19,28,83,29,1,3,4,10,48,0,0,0,0,1,17,0,0,0,0,0,2
10,10,abs_gap_ge,US,SEATW,2025,250,2025-01-02,2025-12-31,0.032999999821186,0.1609999984502792,0.1812360002994537,0.4350000023841858,250,1.0,50,18,48,66,70,87,30,11,20,31,29,53,1,3,8,11,8,27,0,1,0,1,2,15,0,0,0,0,0,3
1,20,abs_gap_ge,AU,SFG.AX,2025,253,2025-01-02,2025-12-31,0.0010000000474974,0.0020000000949949,0.0018478261455046,0.003000000026077,253,1.0,253,42,42,84,96,75,253,42,37,79,91,75,253,36,26,62,57,63,89,10,9,19,17,14,0,10,0,10,11,14
2,20,abs_gap_ge,AU,TMK.AX,2025,253,2025-01-02,2025-12-31,0.0549990013241767,0.1374990046024322,0.1446908442045859,0.2199990004301071,253,1.0,0,54,47,101,86,157,0,44,35,79,63,140,0,19,13,32,20,74,0,11,0,11,8,50,0,1,0,1,1,2
3,20,abs_gap_ge,AU,ERA.AX,2025,253,2025-01-02,2025-12-31,0.0010000000474974,0.0024999999441206,0.0024031620714702,0.003000000026077,253,1.0,253,49,82,131,113,218,253,49,18,67,74,218,253,20,16,36,24,105,7,3,2,5,3,6,0,3,0,3,1,6
4,20,abs_gap_ge,AU,PRX.AX,2025,253,2025-01-02,2025-12-31,0.0199999995529651,0.0399999991059303,0.0469723313664023,0.06700000166893,253,1.0,0,32,33,65,55,69,0,28,29,57,47,54,0,16,9,25,12,41,0,1,4,5,2,5,0,1,0,1,1,5
5,20,abs_gap_ge,AU,HLX.AX,2025,253,2025-01-02,2025-12-31,0.0010000000474974,0.0020000000949949,0.0019749486621049,0.0040000001899898,253,1.0,253,32,44,76,83,74,253,30,26,56,58,66,232,19,18,37,38,51,107,5,5,10,8,9,0,5,0,5,3,9
6,20,abs_gap_ge,AU,GGE.AX,2025,253,2025-01-02,2025-12-31,0.0010000000474974,0.0020000000949949,0.0021363636994137,0.0040000001899898,253,1.0,253,34,32,66,62,61,253,34,20,54,47,60,251,18,12,30,22,28,31,1,3,4,6,5,0,1,0,1,4,5
7,20,abs_gap_ge,AU,SRN.AX,2025,253,2025-01-02,2025-12-31,0.0010000000474974,0.0020000000949949,0.0023909091550061,0.0040000001899898,253,1.0,253,36,42,78,70,95,253,29,23,52,35,82,221,27,12,39,20,76,47,2,2,4,2,11,0,2,0,2,2,10
8,20,abs_gap_ge,AU,BP8.AX,2025,199,2025-01-02,2025-12-30,0.0010000000474974,0.0020000000949949,0.0023944724389777,0.0049999998882412,199,1.0,199,27,28,55,58,53,199,25,26,51,44,53,180,20,22,42,31,48,6,3,11,14,7,16,0,3,0,3,3,15
9,20,abs_gap_ge,AU,PIL.AX,2025,253,2025-01-02,2025-12-31,0.0020000000949949,0.003000000026077,0.0033913043984708,0.006000000052154,253,1.0,253,40,61,101,103,131,248,29,21,50,51,95,132,7,9,16,18,42,0,0,0,0,1,2,0,0,0,0,1,0
10,20,abs_gap_ge,AU,EDE.AX,2025,253,2025-01-02,2025-12-31,0.0199999995529651,0.0399999991059303,0.0358945411950231,0.0659999996423721,253,1.0,0,29,22,51,68,106,0,28,22,50,51,84,0,26,19,45,39,68,0,13,6,19,25,32,0,8,0,8,9,20
1,20,abs_gap_ge,CA,MTLO.V,2025,251,2025-01-02,2025-12-31,0.0049999998882412,0.0099999997764825,0.0116633463584152,0.0149999996647238,251,1.0,251,34,73,107,82,110,251,33,73,106,78,108,251,32,72,104,76,107,251,32,19,51,41,107,162,2,0,2,3,29
2,20,abs_gap_ge,CA,ACU.V,2025,251,2025-01-02,2025-12-31,0.0049999998882412,0.0149999996647238,0.015438246729958,0.0299999993294477,251,1.0,251,46,55,101,90,107,251,44,53,97,86,105,251,38,31,69,59,96,232,21,5,26,25,72,62,5,0,5,4,19
3,20,abs_gap_ge,CA,CSTR.V,2025,251,2025-01-02,2025-12-31,0.0049999998882412,0.0149999996647238,0.0160756969297548,0.0299999993294477,251,1.0,251,58,42,100,90,185,251,55,41,96,86,174,251,51,12,63,54,157,228,22,7,29,18,67,51,5,0,5,4,24
4,20,abs_gap_ge,CA,AAZ.V,2025,251,2025-01-02,2025-12-31,0.0399999991059303,0.1199999973177909,0.1198804792743991,0.2399999946355819,251,1.0,78,43,45,88,96,193,4,40,37,77,83,178,0,16,7,23,27,81,0,3,0,3,7,29,0,1,0,1,0,3
5,20,abs_gap_ge,CA,BARK.V,2025,251,2025-01-02,2025-12-31,0.0149999996647238,0.0450000017881393,0.0439442232681578,0.0750000029802322,251,1.0,251,35,41,76,73,49,182,34,40,74,72,49,94,28,25,53,51,39,2,20,8,28,24,27,0,2,0,2,3,9
6,20,abs_gap_ge,CA,PUL.V,2025,251,2025-01-02,2025-12-31,0.0099999997764825,0.0149999996647238,0.0147211152088059,0.0199999995529651,251,1.0,251,46,27,73,72,60,251,45,27,72,72,58,251,45,15,60,54,57,251,21,0,21,18,28,53,0,0,0,1,6
7,20,abs_gap_ge,CA,VRTS.TO,2025,251,2025-01-02,2025-12-31,0.0099999997764825,0.0199999995529651,0.0188545814281202,0.0299999993294477,251,1.0,251,45,34,79,71,84,251,38,33,71,63,74,251,22,7,29,19,46,201,3,0,3,3,22,3,1,0,1,2,1
8,20,abs_gap_ge,CA,ILC.V,2025,251,2025-01-02,2025-12-31,0.0099999997764825,0.0149999996647238,0.019884461889496,0.050000000745058,251,1.0,251,45,40,85,74,95,249,37,33,70,52,77,212,36,15,51,33,69,195,10,1,11,9,25,17,0,0,0,1,2
9,20,abs_gap_ge,CA,MTX.V,2025,251,2025-01-02,2025-12-31,0.0099999997764825,0.0199999995529651,0.0200398401895247,0.0299999993294477,251,1.0,251,33,29,62,63,51,251,33,29,62,63,51,251,33,29,62,63,51,200,33,13,46,48,51,50,19,0,19,17,31
10,20,abs_gap_ge,CA,VLI.V,2025,251,2025-01-02,2025-12-31,0.0199999995529651,0.0199999995529651,0.0221912345637481,0.0299999993294477,251,1.0,251,35,27,62,54,68,251,35,27,62,54,68,251,35,27,62,54,68,196,35,0,35,27,67,0,0,0,0,0,0
1,20,abs_gap_ge,CN,688585.SS,2025,243,2025-01-02,2025-12-31,6.074306964874268,7.996177673339844,49.94054891248789,132.1300048828125,0,0.0,0,11,3,14,31,38,0,5,1,6,9,7,0,0,0,0,0,0,0,0,0,0,0,0,0,0,0,0,0,0
2,20,abs_gap_ge,CN,300477.SZ,2025,243,2025-01-02,2025-12-31,1.6799999475479126,2.2799999713897705,2.517983539604846,4.130000114440918,243,1.0,0,0,2,2,9,28,0,0,2,2,1,3,0,0,0,0,0,0,0,0,0,0,0,0,0,0,0,0,0,0
3,20,abs_gap_ge,CN,300391.SZ,2025,243,2025-01-02,2025-12-31,0.8700000047683716,4.349999904632568,4.163621395948983,6.139999866485596,207,0.8518518518518519,0,0,6,6,14,39,0,0,2,2,3,6,0,0,0,0,0,1,0,0,0,0,0,0,0,0,0,0,0,0
4,20,abs_gap_ge,CN,688425.SS,2025,243,2025-01-02,2025-12-31,3.8141510486602783,4.208378791809082,4.718829314895127,7.608590602874756,139,0.5720164609053497,0,3,0,3,5,3,0,2,0,2,2,1,0,0,0,0,0,0,0,0,0,0,0,0,0,0,0,0,0,0
5,20,abs_gap_ge,CN,300344.SZ,2025,243,2025-01-02,2025-12-31,1.0199999809265137,4.96999979019165,5.821522635687526,14.279999732971191,122,0.5020576131687243,0,2,7,9,33,62,0,0,2,2,6,15,0,0,0,0,0,0,0,0,0,0,0,0,0,0,0,0,0,0
6,20,abs_gap_ge,CN,300343.SZ,2025,243,2025-01-02,2025-12-31,3.509999990463257,5.159999847412109,5.166172830165659,6.880000114440918,94,0.3868312757201646,0,0,2,2,3,4,0,0,2,2,1,0,0,0,0,0,0,0,0,0,0,0,0,0,0,0,0,0,0,0
7,20,abs_gap_ge,CN,300460.SZ,2025,243,2025-01-02,2025-12-31,7.670000076293945,10.68000030517578,10.61469136344062,13.729999542236328,0,0.0,0,0,3,3,5,11,0,0,2,2,2,1,0,0,0,0,0,0,0,0,0,0,0,0,0,0,0,0,0,0
8,20,abs_gap_ge,CN,300276.SZ,2025,243,2025-01-02,2025-12-31,8.0600004196167,10.899999618530272,15.757777763492284,1183.0,0,0.0,0,2,1,3,10,18,0,1,1,2,4,3,0,1,1,2,2,0,0,1,1,2,2,0,0,1,0,1,1,0
9,20,abs_gap_ge,CN,300948.SZ,2025,243,2025-01-02,2025-12-31,7.920000076293945,10.93000030517578,12.614732495060672,22.030000686645508,0,0.0,0,3,1,4,9,18,0,2,0,2,2,1,0,0,0,0,0,0,0,0,0,0,0,0,0,0,0,0,0,0
10,20,abs_gap_ge,CN,688108.SS,2025,243,2025-01-02,2025-12-31,8.920000076293945,11.289999961853027,16.44164607358077,41.47999954223633,0,0.0,0,3,1,4,10,24,0,2,0,2,3,3,0,0,0,0,0,0,0,0,0,0,0,0,0,0,0,0,0,0
1,20,abs_gap_ge,FR,ALIBR.PA,2025,255,2025-01-02,2025-12-31,9.999999747378752e-05,0.0003000000142492,0.0003176470626117,0.0006000000284984,255,1.0,255,59,42,101,93,222,255,57,42,99,92,217,255,48,20,68,58,181,255,29,0,29,25,118,255,0,0,0,1,14
2,20,abs_gap_ge,FR,ALALO.PA,2025,255,2025-01-02,2025-12-31,0.0627999976277351,0.6000000238418579,9.63523843858172,300.0,182,0.7137254901960784,10,45,22,67,107,233,0,38,10,48,63,182,0,33,4,37,28,137,0,14,4,18,12,75,0,10,0,10,6,29
3,20,abs_gap_ge,FR,MLCOT.PA,2025,255,2025-01-02,2025-12-31,0.0049999998882412,0.125,0.1149803920046371,0.4020000100135803,255,1.0,112,44,29,73,77,20,89,30,17,47,46,11,56,22,10,32,33,8,23,9,2,11,12,3,5,1,0,1,1,0
4,20,abs_gap_ge,FR,ALBOO.PA,2025,255,2025-01-02,2025-12-31,2.0,12.0,94.92941176470588,1400.0,0,0.0,0,36,59,95,104,224,0,16,30,46,43,168,0,13,26,39,27,138,0,8,21,29,17,94,0,2,0,2,6,54
5,20,abs_gap_ge,FR,MLWEY.PA,2025,255,2025-01-02,2025-12-31,0.0049999998882412,0.0149999996647238,0.0156882353053957,0.0320000015199184,255,1.0,255,34,23,57,65,22,255,29,16,45,51,18,255,19,4,23,30,12,219,8,2,10,7,6,47,2,0,2,2,0
6,20,abs_gap_ge,FR,MLSML.PA,2025,255,2025-01-02,2025-12-31,0.0049999998882412,0.0189999993890523,0.0215784314252873,0.050000000745058,255,1.0,255,35,27,62,58,34,254,26,14,40,35,27,223,16,4,20,19,20,152,7,1,8,7,9,3,1,0,1,2,1
7,20,abs_gap_ge,FR,MLSEQ.PA,2025,255,2025-01-02,2025-12-31,0.003000000026077,0.0070000002160668,0.0070274509270401,0.0104999998584389,255,1.0,255,35,45,80,81,25,255,15,19,34,31,12,255,7,7,14,12,6,255,0,1,1,0,2,239,0,0,0,0,1
8,20,abs_gap_ge,FR,MLGEQ.PA,2025,255,2025-01-02,2025-12-31,0.0109999999403953,0.0160000007599592,0.016368627464216,0.0344999991357326,255,1.0,255,20,18,38,36,9,255,18,14,32,29,6,250,18,8,26,24,5,215,5,2,7,6,2,0,2,0,2,1,1
9,20,abs_gap_ge,FR,MLFTI.PA,2025,255,2025-01-02,2025-12-31,0.0160000007599592,0.0299999993294477,0.0319352943011942,0.0555000007152557,255,1.0,255,37,39,76,73,31,247,15,8,23,23,17,149,8,3,11,8,5,1,2,0,2,1,0,0,0,0,0,0,0
10,20,abs_gap_ge,FR,MLNMA.PA,2025,255,2025-01-02,2025-12-31,0.0160000007599592,0.1049999967217445,0.0968117639203281,0.2419999986886978,255,1.0,126,24,18,42,42,3,63,8,14,22,23,3,54,6,8,14,13,3,24,6,4,10,10,3,0,5,0,5,3,1
1,20,abs_gap_ge,HK,8280.HK,2025,246,2025-01-02,2025-12-31,0.0320000015199184,0.061999998986721,0.0667195124778805,0.1180000007152557,246,1.0,0,27,12,39,50,69,0,11,1,12,10,26,0,4,0,4,2,16,0,0,0,0,0,4,0,0,0,0,0,0
2,20,abs_gap_ge,HK,2363.HK,2025,246,2025-01-02,2025-12-31,0.209999993443489,0.3449999988079071,0.3454186990251386,0.4399999976158142,246,1.0,0,15,21,36,34,19,0,5,7,12,7,10,0,1,0,1,1,3,0,0,0,0,0,0,0,0,0,0,0,0
3,20,abs_gap_ge,HK,8356.HK,2025,246,2025-01-02,2025-12-31,0.3100000023841858,0.5400000214576721,0.5597357692999568,0.949999988079071,246,1.0,0,13,20,33,43,48,0,2,10,12,13,19,0,0,0,0,3,10,0,0,0,0,2,6,0,0,0,0,0,0
4,20,abs_gap_ge,HK,8247.HK,2025,246,2025-01-02,2025-12-31,0.5,0.7649999856948853,0.8861788610617319,2.3299999237060547,209,0.8495934959349594,0,17,14,31,35,35,0,7,5,12,12,14,0,3,3,6,4,10,0,0,1,1,2,4,0,0,0,0,0,1
5,20,abs_gap_ge,HK,8023.HK,2025,246,2025-01-02,2025-12-31,0.2750000059604645,0.3046551942825317,0.3088870243570669,0.3799999952316284,246,1.0,0,6,13,19,10,22,0,4,5,9,5,12,0,1,0,1,1,7,0,0,0,0,0,1,0,0,0,0,0,0
6,20,abs_gap_ge,HK,1370.HK,2025,246,2025-01-02,2025-12-31,0.1899999976158142,0.3375000059604645,0.4507804864305791,1.1799999475479126,234,0.951219512195122,0,16,18,34,29,34,0,5,4,9,5,19,0,1,3,4,2,8,0,0,0,0,1,1,0,0,0,0,0,0
7,20,abs_gap_ge,HK,8340.HK,2025,246,2025-01-02,2025-12-31,0.1589999943971634,0.4300000071525574,0.4788821139713613,1.2000000476837158,223,0.9065040650406504,0,13,10,23,38,55,0,6,3,9,17,26,0,1,1,2,4,19,0,0,0,0,2,3,0,0,0,0,0,0
8,20,abs_gap_ge,HK,8249.HK,2025,246,2025-01-02,2025-12-31,0.0740000009536743,0.1420000046491623,0.1453861791670807,0.270000010728836,246,1.0,0,25,13,38,28,53,0,4,4,8,7,24,0,1,1,2,1,10,0,1,0,1,0,6,0,0,0,0,0,0
9,20,abs_gap_ge,HK,1005.HK,2025,246,2025-01-02,2025-12-31,0.395000010728836,0.498913049697876,0.5225676959607659,0.7434782385826111,246,1.0,0,19,16,35,30,9,0,4,4,8,7,5,0,2,0,2,1,2,0,0,0,0,0,0,0,0,0,0,0,0
10,20,abs_gap_ge,HK,1232.HK,2025,246,2025-01-02,2025-12-31,0.2849999964237213,0.6150000095367432,0.5906910588586234,0.8100000023841858,246,1.0,0,13,13,26,27,28,0,5,3,8,8,15,0,1,0,1,3,7,0,0,0,0,1,2,0,0,0,0,0,0
1,20,abs_gap_ge,JP,8105.T,2025,243,2025-01-06,2025-12-30,37.0,54.0,237.20987654320987,924.0,144,0.5925925925925926,0,13,6,19,46,78,0,6,3,9,12,24,0,4,0,4,6,6,0,1,0,1,1,3,0,0,0,0,0,0
2,20,abs_gap_ge,JP,6574.T,2025,243,2025-01-06,2025-12-30,17.799999237060547,81.19999694824219,93.16304511395992,318.5,140,0.5761316872427984,0,17,0,17,37,72,0,9,0,9,9,10,0,1,0,1,1,2,0,0,0,0,0,0,0,0,0,0,0,0
3,20,abs_gap_ge,JP,5721.T,2025,243,2025-01-06,2025-12-30,19.0,122.0,129.35390946502056,422.0,93,0.382716049382716,0,17,5,22,57,110,0,8,0,8,21,35,0,2,0,2,8,18,0,0,0,0,1,1,0,0,0,0,1,0
4,20,abs_gap_ge,JP,7138.T,2025,243,2025-01-06,2025-12-30,115.0,154.0,188.74156380484624,548.0,0,0.0,0,14,0,14,31,52,0,6,0,6,13,16,0,3,0,3,3,7,0,0,0,0,0,0,0,0,0,0,0,0
5,20,abs_gap_ge,JP,6993.T,2025,243,2025-01-06,2025-12-30,19.0,34.0,41.21399176954733,188.0,235,0.9670781893004116,0,9,3,12,26,88,0,4,1,5,16,24,0,3,0,3,8,9,0,0,0,0,1,1,0,0,0,0,0,0
6,20,abs_gap_ge,JP,4833.T,2025,243,2025-01-06,2025-12-30,57.0,91.0,102.07818930041152,386.0,164,0.6748971193415638,0,6,0,6,28,65,0,5,0,5,10,20,0,3,0,3,6,15,0,0,0,0,0,1,0,0,0,0,0,0
7,20,abs_gap_ge,JP,9399.T,2025,243,2025-01-06,2025-12-30,41.900001525878906,114.5,108.7580247729894,207.5,73,0.3004115226337449,0,10,0,10,37,91,0,5,0,5,7,18,0,1,0,1,0,4,0,0,0,0,0,1,0,0,0,0,0,1
8,20,abs_gap_ge,JP,8798.T,2025,243,2025-01-06,2025-12-30,157.0,297.0,325.20576131687244,577.0,0,0.0,0,3,4,7,16,26,0,3,2,5,5,5,0,2,0,2,4,0,0,0,0,0,0,0,0,0,0,0,0,0
9,20,abs_gap_ge,JP,8995.T,2025,243,2025-01-06,2025-12-30,558.0,642.5426635742188,804.1419346185378,2657.0,0,0.0,0,8,2,10,25,44,0,5,0,5,9,20,0,0,0,0,0,9,0,0,0,0,0,2,0,0,0,0,0,0
10,20,abs_gap_ge,JP,2134.T,2025,243,2025-01-06,2025-12-30,16.0,31.0,38.8641975308642,104.0,240,0.9876543209876544,0,6,3,9,35,94,0,3,1,4,13,26,0,2,1,3,4,9,0,0,0,0,0,1,0,0,0,0,0,0
1,20,abs_gap_ge,KR,042940.KQ,2025,239,2025-01-02,2025-12-30,3165.0,10680.0,11685.39748953975,46750.0,0,0.0,0,14,3,17,33,69,0,9,1,10,20,31,0,0,0,0,0,11,0,0,0,0,0,3,0,0,0,0,0,0
2,20,abs_gap_ge,KR,288330.KQ,2025,240,2025-01-02,2025-12-30,680.0,2185.0,2760.054166666667,8960.0,58,0.2416666666666666,0,6,5,11,31,84,0,3,5,8,16,17,0,0,1,1,1,2,0,0,0,0,0,0,0,0,0,0,0,0
3,20,abs_gap_ge,KR,008500.KS,2025,241,2025-01-02,2025-12-30,2040.2479248046875,2264.578369140625,2646.968261212234,6285.1240234375,0,0.0,0,8,4,12,19,29,0,7,1,8,13,13,0,1,0,1,2,8,0,0,0,0,0,1,0,0,0,0,0,0
4,20,abs_gap_ge,KR,200230.KQ,2025,242,2025-01-02,2025-12-30,897.0,1318.3333129882812,1431.0812685627582,3800.0,30,0.1239669421487603,0,6,5,11,18,40,0,5,2,7,10,11,0,0,0,0,0,4,0,0,0,0,0,0,0,0,0,0,0,0
5,20,abs_gap_ge,KR,000650.KS,2025,241,2025-01-02,2025-12-30,35750.0,40050.0,71640.66390041493,457500.0,0,0.0,0,7,1,8,14,26,0,7,0,7,12,14,0,1,0,1,1,7,0,0,0,0,0,1,0,0,0,0,0,0
6,20,abs_gap_ge,KR,308100.KQ,2025,240,2025-01-02,2025-12-30,1184.0,1994.6666870117188,2480.0819478352864,7746.66650390625,0,0.0,0,7,4,11,25,74,0,4,2,6,12,27,0,0,0,0,2,8,0,0,0,0,0,1,0,0,0,0,0,0
7,20,abs_gap_ge,KR,049180.KQ,2025,242,2025-01-02,2025-12-30,570.0,926.0,1093.5537190082644,2450.0,148,0.6115702479338843,0,4,3,7,14,43,0,3,2,5,8,11,0,0,0,0,1,2,0,0,0,0,0,0,0,0,0,0,0,0
8,20,abs_gap_ge,KR,049470.KQ,2025,241,2025-01-02,2025-12-30,287.0,455.0,1139.0082987551866,3680.0,137,0.5684647302904564,0,5,0,5,19,59,0,5,0,5,9,17,0,1,0,1,0,4,0,0,0,0,0,0,0,0,0,0,0,0
9,20,abs_gap_ge,KR,012200.KS,2025,241,2025-01-02,2025-12-30,1301.0,1459.0,1571.9792531120331,6630.0,0,0.0,0,5,0,5,7,6,0,5,0,5,6,3,0,1,0,1,2,1,0,0,0,0,0,1,0,0,0,0,0,0
10,20,abs_gap_ge,KR,060240.KQ,2025,241,2025-01-02,2025-12-30,1976.0,1976.0,2662.3817427385893,7520.0,0,0.0,0,5,1,6,15,26,0,4,1,5,7,14,0,0,0,0,0,6,0,0,0,0,0,0,0,0,0,0,0,0
1,20,abs_gap_ge,TH,NATION.BK,2025,242,2025-01-02,2025-12-30,0.0199999995529651,0.0299999993294477,0.0314462802965532,0.050000000745058,242,1.0,242,47,36,83,85,231,241,47,36,83,85,231,165,44,22,66,61,222,43,16,1,17,20,107,0,0,0,0,0,8
2,20,abs_gap_ge,TH,STOWER.BK,2025,242,2025-01-02,2025-12-30,0.0199999995529651,0.0399999991059303,0.0452066111524612,0.0700000002980232,242,1.0,242,31,71,102,97,237,144,26,51,77,71,203,38,8,3,11,18,113,7,3,0,3,4,32,0,0,0,0,0,7
3,20,abs_gap_ge,TH,CIG.BK,2025,242,2025-01-02,2025-12-30,0.0199999995529651,0.0399999991059303,0.0362809911555002,0.0599999986588954,242,1.0,242,29,49,78,80,230,207,29,47,76,72,225,117,21,14,35,37,187,13,7,0,7,10,97,0,0,0,0,0,6
4,20,abs_gap_ge,TH,GRAND.BK,2025,242,2025-01-02,2025-12-30,0.0199999995529651,0.0399999991059303,0.0406611567086054,0.0599999986588954,242,1.0,242,27,52,79,88,221,157,25,49,74,80,210,75,14,3,17,20,116,2,2,0,2,2,23,0,0,0,0,0,3
5,20,abs_gap_ge,TH,MORE.BK,2025,242,2025-01-02,2025-12-30,0.0199999995529651,0.0399999991059303,0.0354958674139227,0.0599999986588954,242,1.0,242,36,41,77,88,239,181,36,38,74,80,230,117,24,21,45,56,146,57,24,0,24,28,125,0,0,0,0,1,6
6,20,abs_gap_ge,TH,SDC.BK,2025,242,2025-01-02,2025-12-30,0.0199999995529651,0.034999999217689,0.0356198340377285,0.050000000745058,242,1.0,242,27,45,72,86,242,226,27,45,72,86,242,121,24,0,24,34,213,1,0,0,0,1,32,0,0,0,0,0,14
7,20,abs_gap_ge,TH,KC.BK,2025,242,2025-01-02,2025-12-30,0.0199999995529651,0.0399999991059303,0.0423553712850759,0.0700000002980232,242,1.0,242,34,56,90,92,202,157,30,33,63,63,147,83,28,5,33,34,123,13,10,0,10,7,41,0,0,0,0,1,7
8,20,abs_gap_ge,TH,GEL.BK,2025,242,2025-01-02,2025-12-30,0.0199999995529651,0.0399999991059303,0.0428512391888282,0.0900000035762786,242,1.0,242,24,55,79,80,229,158,18,41,59,67,191,54,11,3,14,13,120,5,2,0,2,2,42,0,0,0,0,0,9
9,20,abs_gap_ge,TH,AKS.BK,2025,242,2025-01-02,2025-12-30,0.0099999997764825,0.0399999991059303,0.1026442743730076,0.2299990057945251,242,1.0,154,23,31,54,59,149,148,23,30,53,59,148,100,22,11,33,40,134,44,15,0,15,13,73,1,1,0,1,1,10
10,20,abs_gap_ge,TH,B.BK,2025,242,2025-01-02,2025-12-30,0.0399999991059303,0.0399999991059303,0.0481818177668023,0.0799999982118606,242,1.0,242,27,35,62,79,241,124,21,32,53,63,197,0,0,0,0,0,53,0,0,0,0,0,23,0,0,0,0,0,0
1,20,abs_gap_ge,TW,3114.TWO,2025,242,2025-01-02,2025-12-31,18.33900260925293,24.117634773254395,32.30072012026448,2118.962646484375,241,0.9958677685950412,0,1,1,2,2,2,0,1,1,2,2,0,0,1,1,2,2,0,0,1,1,2,2,0,0,1,0,1,1,0
2,20,abs_gap_ge,TW,7780.TW,2025,243,2025-01-02,2025-12-31,9.26990032196045,15.407329559326172,15.916297759538816,32.4045295715332,238,0.9794238683127572,0,2,1,3,11,13,0,1,1,2,3,3,0,0,1,1,0,0,0,0,0,0,0,0,0,0,0,0,0,0
3,20,abs_gap_ge,TW,1752.TW,2025,242,2025-01-02,2025-12-31,29.26412010192871,37.52499961853027,53.711089488888575,4030.989013671875,1,0.0041322314049586,0,1,1,2,2,0,0,1,1,2,2,0,0,1,1,2,2,0,0,1,1,2,2,0,0,1,0,1,1,0
4,20,abs_gap_ge,TW,6793.TWO,2025,242,2025-01-02,2025-12-31,4.599999904632568,7.28000020980835,9.266570274494896,21.0,242,1.0,0,0,1,1,14,49,0,0,1,1,5,13,0,0,1,1,2,4,0,0,0,0,0,1,0,0,0,0,0,0
5,20,abs_gap_ge,TW,4950.TWO,2025,242,2025-01-02,2025-12-31,9.199999809265137,12.350000381469728,13.627061410383744,26.299999237060547,242,1.0,0,1,0,1,1,17,0,1,0,1,1,0,0,1,0,1,1,0,0,1,0,1,1,0,0,1,0,1,1,0
6,20,abs_gap_ge,TW,6236.TWO,2025,242,2025-01-02,2025-12-31,19.600000381469727,28.399999618530277,27.992561994505323,31.5,233,0.962809917355372,0,0,2,2,3,6,0,0,1,1,1,0,0,0,0,0,0,0,0,0,0,0,0,0,0,0,0,0,0,0
7,20,abs_gap_ge,TW,6819.TWO,2025,242,2025-01-02,2025-12-31,16.100000381469727,23.89999961853028,24.385123970094792,33.95000076293945,226,0.9338842975206612,0,2,0,2,11,24,0,1,0,1,2,1,0,0,0,0,0,0,0,0,0,0,0,0,0,0,0,0,0,0
8,20,abs_gap_ge,TW,7777.TWO,2025,243,2025-01-02,2025-12-31,12.399999618530272,15.850000381469728,19.373662615018617,38.84999847412109,218,0.897119341563786,0,0,1,1,15,32,0,0,1,1,3,6,0,0,0,0,1,2,0,0,0,0,0,0,0,0,0,0,0,0
9,20,abs_gap_ge,TW,2924.TWO,2025,242,2025-01-02,2025-12-31,21.450000762939453,28.799999237060547,28.02871897989068,32.0,179,0.7396694214876033,0,1,3,4,3,5,0,1,0,1,1,0,0,0,0,0,0,0,0,0,0,0,0,0,0,0,0,0,0,0
10,20,abs_gap_ge,TW,6936.TW,2025,178,2025-04-17,2025-12-31,34.150001525878906,36.00767135620117,36.275307130277824,44.00280380249024,0,0.0,0,1,1,2,1,2,0,0,1,1,0,1,0,0,0,0,0,0,0,0,0,0,0,0,0,0,0,0,0,0
1,20,abs_gap_ge,UK,ETL.L,2025,253,2025-01-02,2025-12-31,3.037631034851074,4.264999866485596,4.2358923052610615,4.264999866485596,0,0.0,0,12,68,80,2,18,0,10,63,73,2,7,0,9,58,67,1,4,0,3,43,46,0,1,0,0,0,0,0,0
2,20,abs_gap_ge,UK,SYME.L,2025,252,2025-01-02,2025-12-31,2.999999924213625e-05,0.003000000026077,0.0020611905296795,0.0080000003799796,252,1.0,252,24,27,51,33,125,252,23,23,46,28,125,252,14,4,18,14,113,242,2,1,3,5,42,119,2,0,2,4,23
3,20,abs_gap_ge,UK,PYX.L,2025,253,2025-01-02,2025-12-31,0.3479999899864197,0.699999988079071,1.1104743111981703,3.049999952316284,144,0.5691699604743083,0,52,88,140,62,139,0,18,13,31,20,110,0,3,5,8,5,62,0,0,0,0,1,26,0,0,0,0,0,5
4,20,abs_gap_ge,UK,CDFF.L,2025,253,2025-01-02,2025-12-31,25.997323989868164,2599.732421875,2055.694946575542,2699.800048828125,0,0.0,0,13,14,27,27,0,0,13,14,27,27,0,0,13,14,27,27,0,0,13,14,27,27,0,0,13,0,13,13,0
5,20,abs_gap_ge,UK,VOX.L,2025,253,2025-01-02,2025-12-31,0.0015000000130385,0.1500000059604644,0.0915326089239329,0.2199999988079071,253,1.0,119,12,13,25,26,4,119,12,13,25,25,4,119,12,12,24,24,4,119,12,12,24,24,4,119,12,0,12,12,1
6,20,abs_gap_ge,UK,PRM.L,2025,253,2025-01-02,2025-12-31,1.5099999904632568,3.049999952316284,3.1048418877153057,4.800000190734863,0,0.0,0,57,65,122,22,142,0,20,5,25,7,113,0,2,0,2,3,65,0,1,0,1,0,11,0,0,0,0,0,0
7,20,abs_gap_ge,UK,FIL.L,2025,253,2025-01-02,2025-12-31,0.0724999979138374,0.1099999994039535,3.8284090897841416,11.0,160,0.6324110671936759,0,11,12,23,23,0,0,11,12,23,23,0,0,11,12,23,23,0,0,11,11,22,22,0,0,11,0,11,11,0
8,20,abs_gap_ge,UK,HYG.L,2025,253,2025-01-02,2025-12-31,0.050000000745058,6.0,5.2819189221226415,11.40180206298828,92,0.3636363636363636,0,10,12,22,25,5,0,10,12,22,22,5,0,10,11,21,21,4,0,10,10,20,20,4,0,10,0,10,10,3
9,20,abs_gap_ge,UK,BMTO.L,2025,253,2025-01-02,2025-12-31,14.0,15.498380661010742,637.1263452952087,1699.8223876953125,0,0.0,0,11,11,22,24,3,0,11,11,22,23,2,0,11,11,22,22,1,0,11,11,22,22,1,0,11,0,11,11,0
10,20,abs_gap_ge,UK,HSM.L,2025,253,2025-01-02,2025-12-31,2.998882532119751,309.8845520019531,237.0320712700192,344.9596862792969,0,0.0,0,11,11,22,22,4,0,11,11,22,22,0,0,11,11,22,22,0,0,11,11,22,22,0,0,11,0,11,11,0
1,20,abs_gap_ge,US,LUCYW,2025,250,2025-01-02,2025-12-31,0.0340000018477439,0.0799999982118606,0.0805440002828836,0.1550000011920929,250,1.0,188,42,50,92,93,110,17,26,25,51,44,77,0,9,5,14,19,62,0,2,1,3,7,36,0,0,0,0,1,8
2,20,abs_gap_ge,US,MYSEW,2025,250,2025-01-02,2025-12-31,0.0460000000894069,0.2189999967813491,0.2133359994888305,0.7599999904632568,250,1.0,32,45,43,88,101,122,3,23,21,44,46,82,0,11,8,19,20,63,0,5,1,6,7,26,0,0,0,0,2,12
3,20,abs_gap_ge,US,PPCB,2025,250,2025-01-02,2025-12-31,0.0003999999898951,3.0,3.864593995981384,25.0,53,0.212,17,29,31,60,73,109,17,22,22,44,48,64,17,20,13,33,33,54,17,10,6,16,16,38,17,3,0,3,6,15
4,20,abs_gap_ge,US,MYPSW,2025,250,2025-01-02,2025-12-31,0.0080000003799796,0.0160000007599592,0.0173040000125765,0.032999999821186,250,1.0,250,36,37,73,85,104,250,19,21,40,45,70,250,17,6,23,23,50,209,5,0,5,2,21,12,0,0,0,0,0
5,20,abs_gap_ge,US,WALDW,2025,250,2025-01-02,2025-12-31,0.0299999993294477,0.0700000002980232,0.0835159999653696,0.1720000058412552,250,1.0,165,28,45,73,73,111,89,15,24,39,32,80,7,3,6,9,10,50,0,0,0,0,0,22,0,0,0,0,0,1
6,20,abs_gap_ge,US,RNWWW,2025,250,2025-01-02,2025-12-31,0.0049999998882412,0.1169999986886978,0.103664000481367,0.2479999959468841,250,1.0,113,31,62,93,90,141,58,13,21,34,39,90,55,9,2,11,19,59,50,6,0,6,8,26,21,1,0,1,1,9
7,20,abs_gap_ge,US,SEATW,2025,250,2025-01-02,2025-12-31,0.032999999821186,0.1609999984502792,0.1812360002994537,0.4350000023841858,250,1.0,50,18,48,66,70,87,30,11,20,31,29,53,1,3,8,11,8,27,0,1,0,1,2,15,0,0,0,0,0,3
8,20,abs_gap_ge,US,PAPL,2025,250,2025-01-02,2025-12-31,0.4600000083446502,4.5,4.73776801097393,11.18000030517578,6,0.024,0,12,31,43,55,159,0,5,26,31,17,76,0,1,20,21,10,58,0,1,6,7,7,40,0,1,0,1,0,13
9,20,abs_gap_ge,US,NTRBW,2025,250,2025-01-02,2025-12-31,1.1100000143051147,1.7949999570846558,1.87438400554657,4.03000020980835,0,0.0,0,33,46,79,73,84,0,17,13,30,27,59,0,5,3,8,11,40,0,1,0,1,5,16,0,0,0,0,3,3
10,20,abs_gap_ge,US,CCGWW,2025,250,2025-01-02,2025-12-31,0.0199999995529651,0.0294999992474913,0.0308640001043676,0.0540000014007091,250,1.0,250,28,44,72,76,91,248,13,16,29,31,62,187,4,6,10,11,39,12,1,0,1,2,16,0,0,0,0,0,0
1,30,abs_gap_ge,AU,SFG.AX,2025,253,2025-01-02,2025-12-31,0.0010000000474974,0.0020000000949949,0.0018478261455046,0.003000000026077,253,1.0,253,42,42,84,96,75,253,42,37,79,91,75,253,36,26,62,57,63,89,10,9,19,17,14,0,10,0,10,11,14
2,30,abs_gap_ge,AU,IOV.AX,2025,169,2025-01-08,2025-12-30,0.1000000014901161,0.1500000059604644,0.1473372809632995,0.3000000119209289,169,1.0,0,16,34,50,41,38,0,16,33,49,39,38,0,15,33,48,29,38,0,8,14,22,13,38,0,5,0,5,2,31
3,30,abs_gap_ge,AU,EDE.AX,2025,253,2025-01-02,2025-12-31,0.0199999995529651,0.0399999991059303,0.0358945411950231,0.0659999996423721,253,1.0,0,29,22,51,68,106,0,28,22,50,51,84,0,26,19,45,39,68,0,13,6,19,25,32,0,8,0,8,9,20
4,30,abs_gap_ge,AU,BP8.AX,2025,199,2025-01-02,2025-12-30,0.0010000000474974,0.0020000000949949,0.0023944724389777,0.0049999998882412,199,1.0,199,27,28,55,58,53,199,25,26,51,44,53,180,20,22,42,31,48,6,3,11,14,7,16,0,3,0,3,3,15
5,30,abs_gap_ge,AU,SRN.AX,2025,253,2025-01-02,2025-12-31,0.0010000000474974,0.0020000000949949,0.0023909091550061,0.0040000001899898,253,1.0,253,36,42,78,70,95,253,29,23,52,35,82,221,27,12,39,20,76,47,2,2,4,2,11,0,2,0,2,2,10
6,30,abs_gap_ge,AU,88E.AX,2025,253,2025-01-02,2025-12-31,0.0199999995529651,0.0230000000447034,0.0284703559879021,0.050000000745058,253,1.0,0,27,13,40,43,82,0,27,12,39,41,74,0,27,12,39,38,72,0,15,7,22,28,41,0,15,0,15,9,34
7,30,abs_gap_ge,AU,MOM.AX,2025,253,2025-01-02,2025-12-31,0.0010000000474974,0.0015000000130385,0.0016166008429108,0.003000000026077,253,1.0,253,23,30,53,57,50,253,23,26,49,53,50,253,19,19,38,42,45,142,3,5,8,6,14,0,3,0,3,3,14
8,30,abs_gap_ge,AU,HLX.AX,2025,253,2025-01-02,2025-12-31,0.0010000000474974,0.0020000000949949,0.0019749486621049,0.0040000001899898,253,1.0,253,32,44,76,83,74,253,30,26,56,58,66,232,19,18,37,38,51,107,5,5,10,8,9,0,5,0,5,3,9
9,30,abs_gap_ge,AU,ERA.AX,2025,253,2025-01-02,2025-12-31,0.0010000000474974,0.0024999999441206,0.0024031620714702,0.003000000026077,253,1.0,253,49,82,131,113,218,253,49,18,67,74,218,253,20,16,36,24,105,7,3,2,5,3,6,0,3,0,3,1,6
10,30,abs_gap_ge,AU,1TT.AX,2025,189,2025-01-02,2025-12-30,0.0010000000474974,0.0199999995529651,0.0212883595013793,0.0799999982118606,189,1.0,87,23,38,61,70,52,70,15,33,48,53,44,54,13,23,36,34,38,9,2,9,11,11,16,0,2,0,2,3,15
1,30,abs_gap_ge,CA,MTLO.V,2025,251,2025-01-02,2025-12-31,0.0049999998882412,0.0099999997764825,0.0116633463584152,0.0149999996647238,251,1.0,251,34,73,107,82,110,251,33,73,106,78,108,251,32,72,104,76,107,251,32,19,51,41,107,162,2,0,2,3,29
2,30,abs_gap_ge,CA,ACU.V,2025,251,2025-01-02,2025-12-31,0.0049999998882412,0.0149999996647238,0.015438246729958,0.0299999993294477,251,1.0,251,46,55,101,90,107,251,44,53,97,86,105,251,38,31,69,59,96,232,21,5,26,25,72,62,5,0,5,4,19
3,30,abs_gap_ge,CA,CSTR.V,2025,251,2025-01-02,2025-12-31,0.0049999998882412,0.0149999996647238,0.0160756969297548,0.0299999993294477,251,1.0,251,58,42,100,90,185,251,55,41,96,86,174,251,51,12,63,54,157,228,22,7,29,18,67,51,5,0,5,4,24
4,30,abs_gap_ge,CA,MTX.V,2025,251,2025-01-02,2025-12-31,0.0099999997764825,0.0199999995529651,0.0200398401895247,0.0299999993294477,251,1.0,251,33,29,62,63,51,251,33,29,62,63,51,251,33,29,62,63,51,200,33,13,46,48,51,50,19,0,19,17,31
5,30,abs_gap_ge,CA,VLI.V,2025,251,2025-01-02,2025-12-31,0.0199999995529651,0.0199999995529651,0.0221912345637481,0.0299999993294477,251,1.0,251,35,27,62,54,68,251,35,27,62,54,68,251,35,27,62,54,68,196,35,0,35,27,67,0,0,0,0,0,0
6,30,abs_gap_ge,CA,POR.V,2025,251,2025-01-02,2025-12-31,0.0049999998882412,0.0099999997764825,0.0081274898581769,0.0149999996647238,251,1.0,251,27,33,60,55,24,251,27,33,60,55,24,251,27,33,60,55,24,251,27,32,59,54,24,250,26,0,26,27,21
7,30,abs_gap_ge,CA,PUL.V,2025,251,2025-01-02,2025-12-31,0.0099999997764825,0.0149999996647238,0.0147211152088059,0.0199999995529651,251,1.0,251,46,27,73,72,60,251,45,27,72,72,58,251,45,15,60,54,57,251,21,0,21,18,28,53,0,0,0,1,6
8,30,abs_gap_ge,CA,BNG.TO,2025,251,2025-01-02,2025-12-31,0.0099999997764825,0.0199999995529651,0.0153784857120408,0.0199999995529651,251,1.0,251,29,31,60,51,56,251,29,31,60,51,56,251,29,31,60,51,56,251,29,31,60,51,56,116,29,0,29,26,56
9,30,abs_gap_ge,CA,NXS.V,2025,251,2025-01-02,2025-12-31,0.1299999952316284,0.25,0.2759362552389205,0.5,251,1.0,0,31,31,62,62,74,0,30,30,60,51,61,0,30,29,59,46,59,0,28,4,32,22,55,0,0,0,0,0,8
10,30,abs_gap_ge,CA,PER.V,2025,251,2025-01-02,2025-12-31,0.0199999995529651,0.0299999993294477,0.0286852583749241,0.0599999986588954,251,1.0,251,50,8,58,62,64,240,49,8,57,59,60,209,48,7,55,52,60,90,36,0,36,23,45,0,0,0,0,0,0
1,30,abs_gap_ge,CN,300276.SZ,2025,243,2025-01-02,2025-12-31,8.0600004196167,10.899999618530272,15.757777763492284,1183.0,0,0.0,0,2,1,3,10,18,0,1,1,2,4,3,0,1,1,2,2,0,0,1,1,2,2,0,0,1,0,1,1,0
2,30,abs_gap_ge,CN,000615.SZ,2025,243,2025-01-02,2025-12-31,1.6277639865875244,1.9028799533844,2.005282090034014,3.7100000381469727,243,1.0,0,1,0,1,1,2,0,1,0,1,1,0,0,1,0,1,1,0,0,1,0,1,1,0,0,0,0,0,0,0
3,30,abs_gap_ge,CN,688531.SS,2025,243,2025-01-02,2025-12-31,44.57432174682617,61.06533432006836,60.22959174638913,73.4000015258789,0,0.0,0,0,1,1,2,3,0,0,1,1,1,0,0,0,1,1,0,0,0,0,0,0,0,0,0,0,0,0,0,0
1,30,abs_gap_ge,FR,ALIBR.PA,2025,255,2025-01-02,2025-12-31,9.999999747378752e-05,0.0003000000142492,0.0003176470626117,0.0006000000284984,255,1.0,255,59,42,101,93,222,255,57,42,99,92,217,255,48,20,68,58,181,255,29,0,29,25,118,255,0,0,0,1,14
2,30,abs_gap_ge,FR,ALBOO.PA,2025,255,2025-01-02,2025-12-31,2.0,12.0,94.92941176470588,1400.0,0,0.0,0,36,59,95,104,224,0,16,30,46,43,168,0,13,26,39,27,138,0,8,21,29,17,94,0,2,0,2,6,54
3,30,abs_gap_ge,FR,ALALO.PA,2025,255,2025-01-02,2025-12-31,0.0627999976277351,0.6000000238418579,9.63523843858172,300.0,182,0.7137254901960784,10,45,22,67,107,233,0,38,10,48,63,182,0,33,4,37,28,137,0,14,4,18,12,75,0,10,0,10,6,29
4,30,abs_gap_ge,FR,MLCOT.PA,2025,255,2025-01-02,2025-12-31,0.0049999998882412,0.125,0.1149803920046371,0.4020000100135803,255,1.0,112,44,29,73,77,20,89,30,17,47,46,11,56,22,10,32,33,8,23,9,2,11,12,3,5,1,0,1,1,0
5,30,abs_gap_ge,FR,MLGEQ.PA,2025,255,2025-01-02,2025-12-31,0.0109999999403953,0.0160000007599592,0.016368627464216,0.0344999991357326,255,1.0,255,20,18,38,36,9,255,18,14,32,29,6,250,18,8,26,24,5,215,5,2,7,6,2,0,2,0,2,1,1
6,30,abs_gap_ge,FR,MLWEY.PA,2025,255,2025-01-02,2025-12-31,0.0049999998882412,0.0149999996647238,0.0156882353053957,0.0320000015199184,255,1.0,255,34,23,57,65,22,255,29,16,45,51,18,255,19,4,23,30,12,219,8,2,10,7,6,47,2,0,2,2,0
7,30,abs_gap_ge,FR,MLSML.PA,2025,255,2025-01-02,2025-12-31,0.0049999998882412,0.0189999993890523,0.0215784314252873,0.050000000745058,255,1.0,255,35,27,62,58,34,254,26,14,40,35,27,223,16,4,20,19,20,152,7,1,8,7,9,3,1,0,1,2,1
8,30,abs_gap_ge,FR,MLSEQ.PA,2025,255,2025-01-02,2025-12-31,0.003000000026077,0.0070000002160668,0.0070274509270401,0.0104999998584389,255,1.0,255,35,45,80,81,25,255,15,19,34,31,12,255,7,7,14,12,6,255,0,1,1,0,2,239,0,0,0,0,1
9,30,abs_gap_ge,FR,MLNMA.PA,2025,255,2025-01-02,2025-12-31,0.0160000007599592,0.1049999967217445,0.0968117639203281,0.2419999986886978,255,1.0,126,24,18,42,42,3,63,8,14,22,23,3,54,6,8,14,13,3,24,6,4,10,10,3,0,5,0,5,3,1
10,30,abs_gap_ge,FR,MLFTI.PA,2025,255,2025-01-02,2025-12-31,0.0160000007599592,0.0299999993294477,0.0319352943011942,0.0555000007152557,255,1.0,255,37,39,76,73,31,247,15,8,23,23,17,149,8,3,11,8,5,1,2,0,2,1,0,0,0,0,0,0,0
1,30,abs_gap_ge,HK,8247.HK,2025,246,2025-01-02,2025-12-31,0.5,0.7649999856948853,0.8861788610617319,2.3299999237060547,209,0.8495934959349594,0,17,14,31,35,35,0,7,5,12,12,14,0,3,3,6,4,10,0,0,1,1,2,4,0,0,0,0,0,1
2,30,abs_gap_ge,HK,8280.HK,2025,246,2025-01-02,2025-12-31,0.0320000015199184,0.061999998986721,0.0667195124778805,0.1180000007152557,246,1.0,0,27,12,39,50,69,0,11,1,12,10,26,0,4,0,4,2,16,0,0,0,0,0,4,0,0,0,0,0,0
3,30,abs_gap_ge,HK,8286.HK,2025,246,2025-01-02,2025-12-31,0.0460000000894069,0.1080000028014183,0.1088455278668703,0.1689999997615814,246,1.0,0,20,22,42,47,31,0,4,3,7,17,20,0,3,1,4,6,9,0,0,0,0,1,5,0,0,0,0,0,2
4,30,abs_gap_ge,HK,8067.HK,2025,246,2025-01-02,2025-12-31,0.2070000022649765,0.3000000119209289,0.2979715466499328,0.395000010728836,246,1.0,0,6,15,21,22,28,0,5,2,7,7,7,0,4,0,4,3,4,0,0,0,0,0,1,0,0,0,0,0,0
5,30,abs_gap_ge,HK,1370.HK,2025,246,2025-01-02,2025-12-31,0.1899999976158142,0.3375000059604645,0.4507804864305791,1.1799999475479126,234,0.951219512195122,0,16,18,34,29,34,0,5,4,9,5,19,0,1,3,4,2,8,0,0,0,0,1,1,0,0,0,0,0,0
6,30,abs_gap_ge,HK,0755.HK,2025,246,2025-01-02,2025-12-31,0.3199999928474426,0.4600000083446502,0.5578861785371129,1.100000023841858,201,0.8170731707317073,0,9,7,16,16,33,0,3,1,4,5,9,0,3,1,4,3,6,0,2,0,2,1,3,0,1,0,1,1,2
7,30,abs_gap_ge,HK,0426.HK,2025,246,2025-01-02,2025-12-31,0.0419999994337558,0.0555000007152556,0.0628292683239389,0.1410000026226043,246,1.0,0,10,6,16,28,40,0,6,0,6,7,16,0,3,0,3,5,8,0,0,0,0,2,1,0,0,0,0,1,1
8,30,abs_gap_ge,HK,8193.HK,2025,246,2025-01-02,2025-12-31,0.0700000002980232,0.1580000072717666,0.1710243920788047,0.2899999916553497,246,1.0,0,8,11,19,20,15,0,2,2,4,5,9,0,2,1,3,2,6,0,0,0,0,0,1,0,0,0,0,0,0
9,30,abs_gap_ge,HK,0834.HK,2025,246,2025-01-02,2025-12-31,0.1449999958276748,0.1689999997615814,0.2440121952232306,0.6600000262260437,246,1.0,0,5,3,8,12,24,0,3,0,3,4,9,0,3,0,3,3,6,0,3,0,3,1,4,0,1,0,1,1,0
10,30,abs_gap_ge,HK,6163.HK,2025,246,2025-01-02,2025-12-31,0.1720000058412552,0.209999993443489,0.2294268287657722,0.3350000083446502,246,1.0,0,8,1,9,8,16,0,4,0,4,2,8,0,3,0,3,1,2,0,0,0,0,0,0,0,0,0,0,0,0
1,30,abs_gap_ge,JP,8105.T,2025,243,2025-01-06,2025-12-30,37.0,54.0,237.20987654320987,924.0,144,0.5925925925925926,0,13,6,19,46,78,0,6,3,9,12,24,0,4,0,4,6,6,0,1,0,1,1,3,0,0,0,0,0,0
2,30,abs_gap_ge,JP,2134.T,2025,243,2025-01-06,2025-12-30,16.0,31.0,38.8641975308642,104.0,240,0.9876543209876544,0,6,3,9,35,94,0,3,1,4,13,26,0,2,1,3,4,9,0,0,0,0,0,1,0,0,0,0,0,0
3,30,abs_gap_ge,JP,6993.T,2025,243,2025-01-06,2025-12-30,19.0,34.0,41.21399176954733,188.0,235,0.9670781893004116,0,9,3,12,26,88,0,4,1,5,16,24,0,3,0,3,8,9,0,0,0,0,1,1,0,0,0,0,0,0
4,30,abs_gap_ge,JP,4833.T,2025,243,2025-01-06,2025-12-30,57.0,91.0,102.07818930041152,386.0,164,0.6748971193415638,0,6,0,6,28,65,0,5,0,5,10,20,0,3,0,3,6,15,0,0,0,0,0,1,0,0,0,0,0,0
5,30,abs_gap_ge,JP,7138.T,2025,243,2025-01-06,2025-12-30,115.0,154.0,188.74156380484624,548.0,0,0.0,0,14,0,14,31,52,0,6,0,6,13,16,0,3,0,3,3,7,0,0,0,0,0,0,0,0,0,0,0,0
6,30,abs_gap_ge,JP,7603.T,2025,243,2025-01-06,2025-12-30,113.0,195.0,246.6296296296296,635.0,0,0.0,0,6,2,8,18,30,0,4,0,4,5,9,0,3,0,3,3,1,0,1,0,1,1,0,0,1,0,1,1,0
7,30,abs_gap_ge,JP,4594.T,2025,243,2025-01-06,2025-12-30,32.0,48.0,54.25925925925926,100.0,242,0.9958847736625516,0,6,1,7,13,38,0,2,0,2,3,12,0,2,0,2,1,5,0,0,0,0,1,0,0,0,0,0,0,0
8,30,abs_gap_ge,JP,5721.T,2025,243,2025-01-06,2025-12-30,19.0,122.0,129.35390946502056,422.0,93,0.382716049382716,0,17,5,22,57,110,0,8,0,8,21,35,0,2,0,2,8,18,0,0,0,0,1,1,0,0,0,0,1,0
9,30,abs_gap_ge,JP,6177.T,2025,243,2025-01-06,2025-12-30,72.0,107.0,135.17283950617283,522.0,91,0.3744855967078189,0,6,4,10,30,56,0,4,0,4,11,19,0,2,0,2,6,11,0,0,0,0,0,2,0,0,0,0,0,0
10,30,abs_gap_ge,JP,3686.T,2025,243,2025-01-06,2025-12-30,92.0,133.0,135.03703703703704,197.0,2,0.0082304526748971,0,3,1,4,8,14,0,2,0,2,1,4,0,2,0,2,1,1,0,0,0,0,0,0,0,0,0,0,0,0
1,30,abs_gap_ge,KR,000300.KS,2025,241,2025-01-02,2025-12-30,14471.09375,1172393.0,3510061.16059388,21086206.0,0,0.0,0,4,0,4,4,0,0,4,0,4,4,0,0,4,0,4,4,0,0,4,0,4,4,0,0,4,0,4,4,0
2,30,abs_gap_ge,KR,043220.KQ,2025,241,2025-01-02,2025-12-30,171.0,171.0,463.4813278008299,1710.0,200,0.8298755186721992,0,2,1,3,8,22,0,2,1,3,6,8,0,2,1,3,3,6,0,2,1,3,3,0,0,2,0,2,2,0
3,30,abs_gap_ge,KR,008600.KS,2025,241,2025-01-02,2025-12-30,293.0,434.0,503.0871369294606,972.0,241,1.0,0,4,2,6,16,44,0,2,2,4,7,12,0,2,0,2,2,2,0,0,0,0,0,0,0,0,0,0,0,0
4,30,abs_gap_ge,KR,217480.KQ,2025,241,2025-01-02,2025-12-30,500.143310546875,500.143310546875,515.7079363937695,1250.3582763671875,236,0.979253112033195,0,1,1,2,2,0,0,1,1,2,2,0,0,1,1,2,2,0,0,1,1,2,2,0,0,1,0,1,1,0
5,30,abs_gap_ge,KR,091810.KS,2025,241,2025-01-02,2025-12-30,1424.0,2025.0,2320.3817427385893,9105.0,0,0.0,0,2,2,4,5,9,0,1,1,2,3,0,0,1,1,2,2,0,0,1,1,2,2,0,0,1,0,1,1,0
6,30,abs_gap_ge,KR,128820.KS,2025,241,2025-01-02,2025-12-30,2945.0,4085.0,4311.763485477179,17100.0,0,0.0,0,3,1,4,13,28,0,1,1,2,5,11,0,1,1,2,2,5,0,1,1,2,2,0,0,1,0,1,1,0
7,30,abs_gap_ge,KR,182400.KQ,2025,241,2025-01-02,2025-12-30,2020.0,9596.19921875,9895.771881483402,47980.99609375,0,0.0,0,2,0,2,2,0,0,2,0,2,2,0,0,2,0,2,2,0,0,2,0,2,2,0,0,2,0,2,2,0
8,30,abs_gap_ge,KR,036630.KQ,2025,200,2025-01-02,2025-12-30,4480.0,10325.0,9768.278505859374,14540.0,0,0.0,0,3,3,6,15,38,0,1,2,3,6,13,0,0,2,2,1,5,0,0,1,1,0,1,0,0,0,0,0,0
9,30,abs_gap_ge,KR,389140.KQ,2025,241,2025-01-02,2025-12-30,4750.0,10970.0,11771.88796680498,28900.0,0,0.0,0,8,2,10,23,51,0,4,0,4,13,20,0,2,0,2,2,6,0,0,0,0,0,1,0,0,0,0,0,0
10,30,abs_gap_ge,KR,435570.KQ,2025,203,2025-03-04,2025-12-30,6510.0,13010.0,14951.921182266007,31300.0,0,0.0,0,9,3,12,26,55,0,3,1,4,10,21,0,1,1,2,2,5,0,0,0,0,0,0,0,0,0,0,0,0
1,30,abs_gap_ge,TH,NATION.BK,2025,242,2025-01-02,2025-12-30,0.0199999995529651,0.0299999993294477,0.0314462802965532,0.050000000745058,242,1.0,242,47,36,83,85,231,241,47,36,83,85,231,165,44,22,66,61,222,43,16,1,17,20,107,0,0,0,0,0,8
2,30,abs_gap_ge,TH,MORE.BK,2025,242,2025-01-02,2025-12-30,0.0199999995529651,0.0399999991059303,0.0354958674139227,0.0599999986588954,242,1.0,242,36,41,77,88,239,181,36,38,74,80,230,117,24,21,45,56,146,57,24,0,24,28,125,0,0,0,0,1,6
3,30,abs_gap_ge,TH,CIG.BK,2025,242,2025-01-02,2025-12-30,0.0199999995529651,0.0399999991059303,0.0362809911555002,0.0599999986588954,242,1.0,242,29,49,78,80,230,207,29,47,76,72,225,117,21,14,35,37,187,13,7,0,7,10,97,0,0,0,0,0,6
4,30,abs_gap_ge,TH,AKS.BK,2025,242,2025-01-02,2025-12-30,0.0099999997764825,0.0399999991059303,0.1026442743730076,0.2299990057945251,242,1.0,154,23,31,54,59,149,148,23,30,53,59,148,100,22,11,33,40,134,44,15,0,15,13,73,1,1,0,1,1,10
5,30,abs_gap_ge,TH,KC.BK,2025,242,2025-01-02,2025-12-30,0.0199999995529651,0.0399999991059303,0.0423553712850759,0.0700000002980232,242,1.0,242,34,56,90,92,202,157,30,33,63,63,147,83,28,5,33,34,123,13,10,0,10,7,41,0,0,0,0,1,7
6,30,abs_gap_ge,TH,TWZ.BK,2025,242,2025-01-02,2025-12-30,0.0199999995529651,0.0299999993294477,0.0290909084406765,0.0399999991059303,242,1.0,242,21,20,41,53,240,242,21,20,41,53,240,227,21,9,30,40,240,37,9,0,9,13,76,0,0,0,0,0,8
7,30,abs_gap_ge,TH,WAVE.BK,2025,242,2025-01-02,2025-12-30,0.0199999995529651,0.0299999993294477,0.0414876027940964,0.0799999982118606,242,1.0,242,25,35,60,77,221,176,14,29,43,66,193,123,14,11,25,41,177,35,6,0,6,11,76,0,0,0,0,0,13
8,30,abs_gap_ge,TH,SDC.BK,2025,242,2025-01-02,2025-12-30,0.0199999995529651,0.034999999217689,0.0356198340377285,0.050000000745058,242,1.0,242,27,45,72,86,242,226,27,45,72,86,242,121,24,0,24,34,213,1,0,0,0,1,32,0,0,0,0,0,14
9,30,abs_gap_ge,TH,GRAND.BK,2025,242,2025-01-02,2025-12-30,0.0199999995529651,0.0399999991059303,0.0406611567086054,0.0599999986588954,242,1.0,242,27,52,79,88,221,157,25,49,74,80,210,75,14,3,17,20,116,2,2,0,2,2,23,0,0,0,0,0,3
10,30,abs_gap_ge,TH,TRITN.BK,2025,242,2025-01-02,2025-12-30,0.0199999995529651,0.0399999991059303,0.0572727273703236,0.1099999994039535,242,1.0,192,22,42,64,80,208,125,18,27,45,60,151,82,13,4,17,25,109,5,2,0,2,5,37,0,0,0,0,0,16
1,30,abs_gap_ge,TW,3114.TWO,2025,242,2025-01-02,2025-12-31,18.33900260925293,24.117634773254395,32.30072012026448,2118.962646484375,241,0.9958677685950412,0,1,1,2,2,2,0,1,1,2,2,0,0,1,1,2,2,0,0,1,1,2,2,0,0,1,0,1,1,0
2,30,abs_gap_ge,TW,1752.TW,2025,242,2025-01-02,2025-12-31,29.26412010192871,37.52499961853027,53.711089488888575,4030.989013671875,1,0.0041322314049586,0,1,1,2,2,0,0,1,1,2,2,0,0,1,1,2,2,0,0,1,1,2,2,0,0,1,0,1,1,0
3,30,abs_gap_ge,TW,6793.TWO,2025,242,2025-01-02,2025-12-31,4.599999904632568,7.28000020980835,9.266570274494896,21.0,242,1.0,0,0,1,1,14,49,0,0,1,1,5,13,0,0,1,1,2,4,0,0,0,0,0,1,0,0,0,0,0,0
4,30,abs_gap_ge,TW,4950.TWO,2025,242,2025-01-02,2025-12-31,9.199999809265137,12.350000381469728,13.627061410383744,26.299999237060547,242,1.0,0,1,0,1,1,17,0,1,0,1,1,0,0,1,0,1,1,0,0,1,0,1,1,0,0,1,0,1,1,0
5,30,abs_gap_ge,TW,7780.TW,2025,243,2025-01-02,2025-12-31,9.26990032196045,15.407329559326172,15.916297759538816,32.4045295715332,238,0.9794238683127572,0,2,1,3,11,13,0,1,1,2,3,3,0,0,1,1,0,0,0,0,0,0,0,0,0,0,0,0,0,0
6,30,abs_gap_ge,TW,7711.TW,2025,243,2025-01-02,2025-12-31,244.66661071777344,348.5,357.57265054836193,535.0,0,0.0,0,0,1,1,9,16,0,0,1,1,1,1,0,0,1,1,1,0,0,0,0,0,0,0,0,0,0,0,0,0
1,30,abs_gap_ge,UK,ETL.L,2025,253,2025-01-02,2025-12-31,3.037631034851074,4.264999866485596,4.2358923052610615,4.264999866485596,0,0.0,0,12,68,80,2,18,0,10,63,73,2,7,0,9,58,67,1,4,0,3,43,46,0,1,0,0,0,0,0,0
2,30,abs_gap_ge,UK,CDFF.L,2025,253,2025-01-02,2025-12-31,25.997323989868164,2599.732421875,2055.694946575542,2699.800048828125,0,0.0,0,13,14,27,27,0,0,13,14,27,27,0,0,13,14,27,27,0,0,13,14,27,27,0,0,13,0,13,13,0
3,30,abs_gap_ge,UK,VOX.L,2025,253,2025-01-02,2025-12-31,0.0015000000130385,0.1500000059604644,0.0915326089239329,0.2199999988079071,253,1.0,119,12,13,25,26,4,119,12,13,25,25,4,119,12,12,24,24,4,119,12,12,24,24,4,119,12,0,12,12,1
4,30,abs_gap_ge,UK,FIL.L,2025,253,2025-01-02,2025-12-31,0.0724999979138374,0.1099999994039535,3.8284090897841416,11.0,160,0.6324110671936759,0,11,12,23,23,0,0,11,12,23,23,0,0,11,12,23,23,0,0,11,11,22,22,0,0,11,0,11,11,0
5,30,abs_gap_ge,UK,BMTO.L,2025,253,2025-01-02,2025-12-31,14.0,15.498380661010742,637.1263452952087,1699.8223876953125,0,0.0,0,11,11,22,24,3,0,11,11,22,23,2,0,11,11,22,22,1,0,11,11,22,22,1,0,11,0,11,11,0
6,30,abs_gap_ge,UK,HSM.L,2025,253,2025-01-02,2025-12-31,2.998882532119751,309.8845520019531,237.0320712700192,344.9596862792969,0,0.0,0,11,11,22,22,4,0,11,11,22,22,0,0,11,11,22,22,0,0,11,11,22,22,0,0,11,0,11,11,0
7,30,abs_gap_ge,UK,HOME.L,2025,253,2025-01-02,2025-12-31,0.3804999887943268,38.04999923706055,20.809143860702928,38.04999923706055,107,0.4229249011857707,0,9,12,21,21,0,0,9,12,21,21,0,0,9,12,21,21,0,0,9,12,21,21,0,0,9,0,9,9,0
8,30,abs_gap_ge,UK,HYG.L,2025,253,2025-01-02,2025-12-31,0.050000000745058,6.0,5.2819189221226415,11.40180206298828,92,0.3636363636363636,0,10,12,22,25,5,0,10,12,22,22,5,0,10,11,21,21,4,0,10,10,20,20,4,0,10,0,10,10,3
9,30,abs_gap_ge,UK,OT4.L,2025,253,2025-01-02,2025-12-31,0.0649999976158142,0.0649999976158142,2.477885374144132,7.5,159,0.6284584980237155,0,10,9,19,20,1,0,10,9,19,19,1,0,10,9,19,19,1,0,10,9,19,19,1,0,10,0,10,10,0
10,30,abs_gap_ge,UK,CRWN.L,2025,253,2025-01-02,2025-12-31,0.2809999883174896,28.100000381469727,16.26478777454776,29.6843376159668,112,0.4426877470355731,0,10,9,19,19,0,0,10,9,19,19,0,0,10,9,19,19,0,0,10,9,19,19,0,0,10,0,10,10,0
1,30,abs_gap_ge,US,PPCB,2025,250,2025-01-02,2025-12-31,0.0003999999898951,3.0,3.864593995981384,25.0,53,0.212,17,29,31,60,73,109,17,22,22,44,48,64,17,20,13,33,33,54,17,10,6,16,16,38,17,3,0,3,6,15
2,30,abs_gap_ge,US,MYPSW,2025,250,2025-01-02,2025-12-31,0.0080000003799796,0.0160000007599592,0.0173040000125765,0.032999999821186,250,1.0,250,36,37,73,85,104,250,19,21,40,45,70,250,17,6,23,23,50,209,5,0,5,2,21,12,0,0,0,0,0
3,30,abs_gap_ge,US,PAPL,2025,250,2025-01-02,2025-12-31,0.4600000083446502,4.5,4.73776801097393,11.18000030517578,6,0.024,0,12,31,43,55,159,0,5,26,31,17,76,0,1,20,21,10,58,0,1,6,7,7,40,0,1,0,1,0,13
4,30,abs_gap_ge,US,MYSEW,2025,250,2025-01-02,2025-12-31,0.0460000000894069,0.2189999967813491,0.2133359994888305,0.7599999904632568,250,1.0,32,45,43,88,101,122,3,23,21,44,46,82,0,11,8,19,20,63,0,5,1,6,7,26,0,0,0,0,2,12
5,30,abs_gap_ge,US,LUCYW,2025,250,2025-01-02,2025-12-31,0.0340000018477439,0.0799999982118606,0.0805440002828836,0.1550000011920929,250,1.0,188,42,50,92,93,110,17,26,25,51,44,77,0,9,5,14,19,62,0,2,1,3,7,36,0,0,0,0,1,8
6,30,abs_gap_ge,US,HCTI,2025,250,2025-01-02,2025-12-31,37.97999954223633,284.42999267578125,2742.1111175231936,25398.0,0,0.0,0,19,12,31,72,150,0,13,5,18,31,70,0,11,3,14,17,38,0,5,2,7,7,14,0,2,0,2,2,3
7,30,abs_gap_ge,US,BESS,2025,250,2025-01-02,2025-12-31,0.0700000002980232,6.920000076293945,7.248559996038676,13.5,5,0.02,5,26,39,65,62,65,0,9,12,21,24,29,0,7,6,13,14,18,0,1,1,2,3,5,0,1,0,1,1,0
8,30,abs_gap_ge,US,RNWWW,2025,250,2025-01-02,2025-12-31,0.0049999998882412,0.1169999986886978,0.103664000481367,0.2479999959468841,250,1.0,113,31,62,93,90,141,58,13,21,34,39,90,55,9,2,11,19,59,50,6,0,6,8,26,21,1,0,1,1,9
9,30,abs_gap_ge,US,SEATW,2025,250,2025-01-02,2025-12-31,0.032999999821186,0.1609999984502792,0.1812360002994537,0.4350000023841858,250,1.0,50,18,48,66,70,87,30,11,20,31,29,53,1,3,8,11,8,27,0,1,0,1,2,15,0,0,0,0,0,3
10,30,abs_gap_ge,US,CCGWW,2025,250,2025-01-02,2025-12-31,0.0199999995529651,0.0294999992474913,0.0308640001043676,0.0540000014007091,250,1.0,250,28,44,72,76,91,248,13,16,29,31,62,187,4,6,10,11,39,12,1,0,1,2,16,0,0,0,0,0,0
